shop,address,tel
(有)士幌自動車 さとう自動車販売,北海道中川郡幕別町札内青葉町2-1,0155-56-1177
(有)三井自動車販売,北海道中川郡幕別町札内青葉町2-2,0155-56-7522
(株)くるまや室蘭 (株)くるまや伊達,北海道伊達市弄月町５９番地２７,0143-43-3552
篠原オート(株),北海道伊達市長和町502,0142-23-7789
(有)カーディラーモリタ,北海道函館市北美原1丁目1-1,0138-46-3534
ホンダプリモ西函館(株),北海道函館市大縄町２２番２号,0138-42-2838
(有)リカバリーカーズ,北海道函館市宇賀浦町20-15,0138-32-8509
(株)大沼,北海道函館市富岡町2-39-19,0138-44-1700
(有)オートベル 昭和店,北海道函館市昭和3-35-10,0138-47-7878
(有)池田 CarHouse池田,北海道函館市本通2丁目39番地19号,0138-32-3522
(有)オートベル 本社,北海道函館市桔梗1-27-1,0138-85-8780
(有)カーショップニシノ,北海道函館市桔梗町418-121,0138-34-7722
(有)オートベル 石川店,北海道函館市石川町69-2,0138-86-6380
(株)オートステージナカツカ,北海道函館市美原3丁目36番8号,0138-83-8236
(有)ズーム,北海道北見市大正140-10,0157-66-5033
(株)上ケ島自動車,北海道北見市大正140-9,0157-36-7000
(有)マークス クルマ買取カーボーイ,北海道北見市小泉419番地14,0157-61-0919
(有)フォーポイント,北海道北見市東相内町165番地の8,0157-36-9333
(有)高橋総合車輌,北海道北見市東相内町327番地28,0157-36-2069
(有)愛車舘,北海道北見市相内町50,0157-35-3321
（同）オートテイク,北海道厚岸郡厚岸町門静2丁目111番地,0153-52-5588
(株)くるまや室蘭,北海道室蘭市寿町2-17-2,0143-43-3552
(株)ディスワンオート木原,北海道小樽市塩谷1丁目3-5,0134-28-3939
おがわ商会,北海道岩見沢市上幌向南１条４丁目１２７５－１１,0126-26-6699
東部ダイハツ(株) 標茶店,北海道川上郡標茶町常盤3丁目12番地,015-485-1516
木下自工(株),北海道川上郡標茶町開運1丁目36番地1,015-485-2145
(有)西村自動車工業 ビッグヒーロー中古車センター,北海道帯広市白樺16条東1丁目8,0154-41-0099
(有)西村自動車工業,北海道帯広市西15条南16丁目2,0155-22-3888
大豊自動車(株),北海道帯広市西19条北1丁目3-15,0155-33-3560
(株)プレミアムファクトリー,北海道帯広市西5条北1丁目16番地1,0155-28-5040
(株)カー・フレッシュ,北海道帯広市西5条南16丁目20,0155-23-5121
(有)クレイズコーポレーション,北海道帯広市西9条南9-7-8,0155-23-7050
(有)ヤマザキ カーメディア17ヤマザキ,北海道帯広市西十七条北2-55-13,0155-33-6099
(株)上嶋自動車 モーターショップカミシマ,北海道帯広市西十二条南1丁目,0155-36-1136
(株)安岡自動車工業,北海道帯広市西２２条北1丁目１２－３０,0155-37-3888
広尾ボデー工業(有),北海道広尾郡広尾町丸山通北2-10,01558-2-3160
(有)髙士自動車,北海道旭川市東光3条8丁目4-27,0166-37-5540
(有)おおた自動車販売,北海道旭川市東光6条7丁目1番10号,0166-31-8668
(株)イシカワ自動車,北海道旭川市永山9条5丁目1番18号,0166-47-5767
(株)ＺＥＲＯ,北海道旭川市永山北1条11-43-12,0166-49-2727
(有)武自動車工業,北海道旭川市江丹別町嵐山207番地12,0166-63-1350
(株)四輪館 新川店,北海道札幌市北区新川4条4丁目3番21号,011-766-4040
(株)Ｄ＆Ｃオート,北海道札幌市北区新川１条６丁目１番７号,011-214-9712
(株)ＡＤＶＡＮＴＡＧＥ,北海道札幌市北区新川６５１－１９,011-769-0270
オート・ビー,北海道札幌市北区新琴似12条10丁目3番14号,011-776-7474
(有)マルモコーポレーション,北海道札幌市北区新琴似四条13丁目3番7号,011-765-4232
(株)ティー・ブルーム,北海道札幌市北区百合が原４丁目４－３,011-774-9922
(有)駒井トレーディング,北海道札幌市北区篠路町上篠路３３０番地２,011-775-1102
（株）トラッシュ,北海道札幌市北区篠路町篠路４４５－１,011-788-3088
東部ダイハツ(株) ジョイカル石山通り店,北海道札幌市南区南34条西11丁目1-7,011-596-7644
(株)ナウ,北海道札幌市厚別区厚別西5条6丁目2-3,011-891-1000
(株)カーズタウン,北海道札幌市厚別区大谷地東２丁目５－３０,011-893-3811
(株)ニューフレンドリー,北海道札幌市厚別区大谷地西1丁目3-5,011-892-7911
東部ダイハツ(株) ジョイカル下手稲通り店,北海道札幌市手稲区前田６条７丁目１番６号,011-688-1000
(株)スパイア ＳＰＩＲＥ ＡＵＴＯ スパイアオート,北海道札幌市手稲区富丘２条２丁目１０番８号,011-215-7810
東部ダイハツ(株) ジョイカル西宮の沢店,北海道札幌市手稲区西宮の沢四条３丁目１番２９号,011-686-9000
(株)スパイア スパイアオート アウトレット,北海道札幌市手稲区西宮の沢２条１丁目５－３,011-666-9996
(株)クルマン札幌,北海道札幌市東区丘珠町867-15,011-781-4800
エンカウンタージャパン(株) エン・カーズ札幌,北海道札幌市東区伏古10条4丁目3-5,011-788-5091
(株)四輪館 東雁来店,北海道札幌市東区東雁来10条4丁目2番7号,011-790-4040
(株)Ｕｌｔｉｍａ,北海道札幌市東区東雁来8条1丁目141-8,011-790-5320
(株)ビルドアップ,北海道札幌市東区東雁来9条1-134-2,011-790-2233
(有)フロム,北海道札幌市東区東雁来３条１丁目４番１１号,011-827-5122
(株)四輪館,北海道札幌市東区東雁来８条２丁目１番２４号,011-792-4040
(有)セレクト,北海道札幌市清田区北野7条3-1-1,011-887-4431
(株)カーポイントビック スズキアリーナ平岡,北海道札幌市清田区北野五条5丁目20番35号,011-883-4441
(有)シーク,北海道札幌市清田区里塚緑ヶ丘12丁目246番地15,011-888-8800
(有)カースタジオネットワーク,北海道札幌市白石区北郷3条14丁目1-40,011-873-3030
(有)カーショップケーワン,北海道札幌市白石区北郷9条7丁目1-10,011-871-9988
ライン・ロビング AutoGarage VERSUS,北海道札幌市白石区北郷八条10丁目3-7,011-876-3735
(株)カーポイントビック スズキ南郷通,北海道札幌市白石区南郷通15丁目北8-32,011-862-4441
(有)佐藤自動車商会,北海道札幌市白石区川下2067-8,011-872-1918
(株)札幌タック自動車 本社マイカー,北海道札幌市白石区川下四条3丁目4-15,011-872-8311
(株)バランス Small Garage スモールガレージ,北海道札幌市白石区川下３条６丁目１番８号,011-374-4747
(株)札幌タック自動車 川下店,北海道札幌市白石区川下５条２丁目１番２１号,011-872-6711
(株)エスクライム,北海道札幌市白石区川下７９６－４９,011-879-1000
(株)札幌タック自動車 厚別通店,北海道札幌市白石区川北一条1丁目11-26,011-874-8711
(株)クール,北海道札幌市白石区菊水元町３条３丁目１－１,011-873-9090
(株)札幌ワシダ,北海道札幌市豊平区豊平三条6丁目1-8,011-823-9381
(有)兄弟ボデー修理工場,北海道根室市宝林町3丁目81番地,0153-23-3831
(有)仲野自動車販売,北海道様似郡様似町大通1-54,01463-6-2353
(株)ワンズトレード,北海道江別市元野幌１１１８番地５２,011-802-5961
(株)プログレス,北海道江別市西野幌125-1,011-887-7007
(株)イーストワン,北海道沙流郡平取町字荷菜８５－７,01457-4-2222
木野自動車共販(株),北海道河東郡音更町木野大通り東4-1,0155-31-3946
(有)ヒオキボディ,北海道河東郡音更町木野大通東14-4-12,0155-31-2403
北勝自動車(株),北海道河東郡音更町木野大通東19丁目1-24,0155-31-1138
クボタ自動車販売(株),北海道河東郡音更町木野大通西2-1-21,0155-31-2150
(有)吉田観光,北海道河西郡芽室町東芽室南2線24番地,0155-62-0468
(有)プロモード,北海道登別市新生町1-26-5,0143-86-0010
(有)カーフレンドうえはら,北海道登別市栄町4-5-6,0143-86-3919
オートショップ ティープロ 花川南店,北海道石狩市花川南2条3丁目40番,0133-62-8620
Ａｕｔｏ Ｓｈｏｐ Ｔ．Ｐｒｏ,北海道石狩市花川東二条二丁目３番地,0133-74-0005
(有)かあどっく,北海道紋別市落石町4丁目31-26,0158-23-1849
Ｃａｒ Ｓｕｐｐｏｒｔ Ｆａｃｔｏｒｙ ＺＥＲＯ,北海道網走市字潮見１７７番２５,0152-67-4753
(株)ダイハツ販売網走,北海道網走市新町2丁目8-2,0152-44-5221
(株)マイカーセンター中央,北海道網走郡大空町女満別西7条5丁目1-14,0152-74-4190
(株)美幌マイカーセンター,北海道網走郡美幌町稲美140-63,0152-75-3755
オートアシスト,北海道苫小牧市双葉町１丁目１４番１６号,0144-37-7667
(株)ティーズオート,北海道苫小牧市山手町2-2-7,0144-84-1172
(株)スノードリーム,北海道苫小牧市拓勇西町8丁目2-53,0144-61-0343
(株)セルオート,北海道苫小牧市木場町３丁目１２番１６号,0144-35-7766
東部ダイハツ(株) 軽自動車.com釧路光陽店,北海道釧路市光陽町２１番１２号,0154-21-5555
(株)ネクサス,北海道釧路市大楽毛1丁目11-1,0154-64-5991
(株)オートプラザ高橋,北海道釧路市大楽毛1丁目11番1号,0154-57-4110
(有)渡邊モーターサービス,北海道釧路市星が浦南2-5-43,0154-51-2455
(有)ティーズ,北海道釧路市昭和町3丁目17番5号,0154-53-5525
カーステーション ＢｏｏＢｏｏ,北海道釧路市材木町22-20,0154-65-9923
(株)Ｃａｒ Ｒｏａｄ,北海道釧路市貝塚3丁目5番27号,0154-68-5600
(有)藤丸モータース,北海道釧路市阿寒町中央1丁目3番1号,0154-66-2421
(有)フルヤオート,北海道釧路市鳥取北6丁目5番1号,0154-53-2720
東部ダイハツ(株) 軽自動車.com釧路鳥取南店,北海道釧路市鳥取南7丁目1-35,0154-65-1325
(株)エムズカーシステム,北海道釧路市鳥取大通9丁目9番15号,0154-68-4100
(株)オートサロン・スタッフ,北海道釧路市鶴野66番地23,0154-52-7172
(株)ＲＹトレーディング Ａカーズ釧路,北海道釧路郡釧路町桂木4丁目22番,0154-38-3881
(有)カーショップどーも,青森県つがる市柏広須字志野田9-1,0173-25-2110
(有)ユーシーネット,青森県むつ市昭和町2-19,0175-33-1282
(株)プラス・ワン,青森県五所川原市大字豊成字田子ノ浦７２－４,0173-27-3877
(株)オダギリオート 小曲店,青森県五所川原市小曲沼田97-67,0173-26-6033
(株)石生企業グループ,青森県八戸市城下3丁目1-23,0178-45-7651
(株)カーライフ フォーティファイブ,青森県八戸市大字市川町字南尻引83-1,0178-52-3120
(株)ガレージロード,青森県八戸市大字河原木字神才11-11,0178-20-8181
カーショップ日向(有),青森県八戸市小田1丁目5-13,0178-28-0075
(株)オートガード八戸,青森県八戸市日計1丁目4-20,0178-21-2341
(株)ヤマモト マツダオートザムヤマモトあおば店,青森県八戸市青葉3-3-12,0178-45-5101
(有)八戸自動車販売,青森県八戸市類家5丁目14-14,0178-22-6668
(有)板柳マツダ自動車商会,青森県北津軽郡板柳町大字三千石字五十嵐14-15,0172-73-2345
(有)シラヤマ自動車販売,青森県十和田市大字洞内字井戸頭144-528,0176-27-3777
(有)イシヤマ自販,青森県弘前市大字城東北3丁目2-2,0172-27-7733
(株)千葉商会,青森県弘前市大字小栗山字小松ヶ沢245,0172-87-2917
(有)オートスマイル,青森県弘前市大字津賀野字浅田749-3,0172-38-2300
(有)カーとぴあ,青森県弘前市大字田園1丁目9番地-6,0172-28-0990
(有)輪屋商会,青森県弘前市大字田園４丁目１-１１,0172-28-6666
(株)Ｇ ｓｈｏｐ,青森県弘前市大字町田3丁目8-28,0172-36-1414
(株)ＭＡＣＳ,青森県弘前市大字石川字春仕内107,0172-43-1155
(有)ビックジャパン カースーパー東バイパス店,青森県青森市大字八幡林字品川4-7,017-737-0111
(有)ビックジャパン 流通団地店,青森県青森市新町野字菅谷７３－１,017-728-8585
(有)ビックジャパン カースーパー西バイパス店,青森県青森市石江字三好４３－３,017-761-2552
(有)カーポート千厩,岩手県一関市千厩町千厩字館山7,0191-52-2030
旭自動車工業(株),岩手県一関市南町4-9,0191-23-4583
(有)共輪自動車 くるまの共輪,岩手県一関市赤荻字堺92-4,0191-25-2462
船渡整備工場(有),岩手県久慈市侍浜町字桑畑第3地割5-53,0194-58-3654
（株）みなもと ダイハツ大野販売,岩手県九戸郡洋野町大野61-14-12,0194-77-2299
(株)ヤマモト,岩手県二戸市堀野字長地31-2,0195-23-8111
(有)浅井自動車販売,岩手県北上市北鬼柳18地割62-1,0197-64-1734
(有)丸武自動車商会,岩手県奥州市水沢区佐倉河字三反町60-2,0197-24-1214
(有)アクティブオート,岩手県盛岡市上堂4丁目5-14,019-643-5522
(有)長山商会,岩手県盛岡市上太田下川原82-5,019-658-1684
(有)盛岡マツダ商会 盛岡マツダ手代森展示場,岩手県盛岡市手代森14-19-19,019-696-3425
(有)アレックス,岩手県盛岡市東安庭2丁目5-7,019-604-7030
(有)高橋保自動車商会,岩手県盛岡市高松1丁目7-8,019-665-1777
ヒノヤ商事(株),岩手県紫波郡紫波町桜町字中屋敷73,019-676-2261
(有)マイカープラザ,岩手県花巻市石鳥谷町黒沼4地割23-1,0198-45-2700
(有)ステージワン,宮城県仙台市太白区東中田2-2-25,022-741-0717
(株)オーエス オスカー仙台,宮城県仙台市宮城野区中野字大貝沼51番地の3,022-387-1811
(株)カープラザワールド,宮城県仙台市泉区七北田字新道４２－２,022-374-9085
(株)オーエス,宮城県仙台市若林区新寺4-9-41,022-297-0696
(有)折立安部自動車整備工場,宮城県仙台市青葉区折立3-3-23,022-226-3773
(株)ガレージグレードワン,宮城県多賀城市浮島字沢前３２－１,022-389-0876
鹿野自動車販売(株),宮城県大崎市鹿島台広長字内ノ浦85-5,0229-56-4512
(株)川村自動車販売 軽自動車専門店ポケットカー,宮城県柴田郡大河原町金ヶ瀬字丑越11-3,0224-87-8070
(株)みなとモーター,宮城県石巻市湊町3-1-4,0225-22-3138
アベ自動車工業(株),宮城県石巻市鹿又字天王前178,0225-74-2551
(有)カーショップ・エフ,宮城県角田市佐倉字雁小屋106-1,0224-63-5676
(株)川村自動車工業,秋田県仙北市田沢湖小松字二枚橋100,0187-52-4077
(有)華栄自動車,秋田県大仙市下深井字新百年24,0187-84-0007
(株)オートエムワン,秋田県大仙市四ツ屋字下古道60-4,0187-62-6101
(有)中仙オート,秋田県大仙市豊川字一本柳46,0187-56-3837
(有)エスエム商会 横手市十文字店,秋田県横手市十文字町佐賀会下沖田3-34-1,0182-42-4388
(有)フジオートセンター 十文字店,秋田県横手市十文字町西上70-10,0182-42-4800
(有)オートショップ横手,秋田県横手市赤坂字大道向29,0182-36-2654
(有)エスエム商会 湯沢元清水店,秋田県湯沢市元清水4丁目4-10,0183-73-5988
タカカツ自動車工業(株),秋田県湯沢市小野字東堺95-1,0183-52-2161
(有)フジオートセンター 湯沢店,秋田県湯沢市杉沢字森道上2-1,0183-72-1919
タカカツ自動車工業(株) 湯沢営業所,秋田県湯沢市清水町5-1-9,0183-73-7298
(有)井川・鈴木ボデー カーサービスセンターISB,秋田県潟上市飯田川飯塚字古開89-1,018-877-6610
本荘スバル自動車(株),秋田県由利本荘市薬師堂字谷地202,0184-22-6055
(有)カーボックス,秋田県秋田市牛島東1-5-10,018-831-6506
(有)カー・グランド・ルマン,秋田県秋田市茨島二丁目5-27,018-864-8833
(株)プライムオート,山形県寒河江市大字西根字高畑51-1,0237-86-1545
(有)エムズ サービスカーエムズ本店,山形県山形市城西町5-35-43,023-646-4673
(有)エムズ サービスカーエムズ西田店,山形県山形市西田2-24-51,023-647-5230
(株)プライムオート 新庄店,山形県新庄市鳥越字向平1449-11,0233-24-4150
(有)芦野自動車,山形県村山市大字稲下1147-1,0237-54-2653
(株)ヤリミズ自動車,山形県米沢市万世町片子4372,0238-21-5503
(株)田中自動車,山形県鶴岡市大山3丁目16-25,0235-33-2575
(株)田中自動車 カーパレット店,山形県鶴岡市大山字近田27-1,0235-33-1588
(株)石井自動車整備工場,山形県鶴岡市宝田2丁目1-46,0235-22-6008
(有)アサヒ自工,福島県いわき市小名浜大原字東田9-2,0246-52-1135
太陽自動車(株),福島県いわき市小名浜岡小名字沖18,0246-54-2266
(有)エムズファクトリー,福島県いわき市常磐関船町1-15-17,0246-43-0400
(株)マックスインターナショナル いわき支店,福島県いわき市平下神谷字出口33番地,0246-57-1870
(有)エムズファクトリー いわきくるま館,福島県いわき市泉町下川八合92-2,0246-56-8700
(株)マックスインターナショナル マックスアウトレットいわき店,福島県いわき市鹿島町下矢田字沢目1-1,0246-38-7495
(株)マックスインターナショナル ラビットいわき鹿島店,福島県いわき市鹿島町久保2-1-2,0246-38-8140
(有)吉田自動車整備工場 くるまらんどｙｏｓｈｉｄａ,福島県二本松市大平山21-5,0243-23-3680
(株)石畑自動車,福島県二本松市石畑18-1,0243-23-3020
(有)マイカーセンター山城,福島県伊達市梁川町五十沢字聖天前3-3,024-577-3030
(有)北会津自動車,福島県会津若松市北会津町新在家字前田11-3,0242-56-3315
(有)イチユウオート,福島県会津若松市幕内南町12-22,0242-28-7977
(有)北会津自動車 ケイショップパートナー,福島県会津若松市門田町大字飯寺字村東２７８－１４,0242-23-8650
(株)川村自動車販売 良質車専門店ネクスト,福島県南相馬市原町区下高平字御屋敷268-1,0244-24-6500
(株)クルマのわかつき 6号店,福島県南相馬市原町区北原字境堀243,0244-25-0502
(株)クルマのわかつき,福島県南相馬市原町区牛来字出口147-6,0244-24-6301
(有)技研オート,福島県安達郡大玉村大山字弓谷地5-8,0243-48-2047
(株)アルファーオート,福島県田村郡三春町大字熊耳字中田210,0247-61-4222
(株)東北自動車販売 白河店,福島県白河市米村道北8-8,0248-21-7780
(株)東北自動車販売 オートバンク新白河店,福島県白河市転坂163-1,0248-22-2200
(有)ファイブ・コーポレーション,福島県石川郡石川町字轡取55-3,0247-56-3955
(有)福島自動車流通センター,福島県福島市成川字馬場3-3,024-539-9083
(株)梅津自動車販売,福島県福島市成川字馬場２３－１,024-545-3383
(株)東北自動車販売 東北自動車販売 福島西インター店,福島県福島市成川這松10-1,024-539-8550
小島自動車(株),福島県福島市桜本字遠北27-2,024-593-0200
(有)マイカーセンター渡辺,福島県福島市清水町赤根坂22,024-539-7337
(有)加藤モーター商会,福島県福島市瀬上町字南中川原25-3,024-553-5038
(株)東北自動車販売 東北自動車販売 泉崎店,福島県西白河郡泉崎村泉崎礼堂11-1,0248-53-2511
(株)東北自動車販売 東北自動車販売 郡山店,福島県郡山市備前舘2-2,024-935-1417
(株)優希 アクア郡山 安積店,福島県郡山市安積１丁目８８－１,024-954-8181
(株)優希 アクア郡山 大槻店,福島県郡山市御前南5-71,024-955-6006
(有)インパルス,福島県郡山市桑野清水台49-5,024-936-4500
(株)ケーズコネクト オーテックプラス,茨城県つくばみらい市小絹154-1,0297-44-5511
中嶋自動車工業(株) つくば店,茨城県つくば市古来536-3,029-857-8211
(有)ダイ・インターナショナル ＢＩＧ－ＣＡＲ  ＣＯＭＰＡＮＹ,茨城県つくば市吉瀬１９の４,029-863-5820
学園自動車興業(株),茨城県つくば市吾妻4丁目19-11,029-851-5503
オートショップ・サクセス,茨城県ひたちなか市佐和2052-323,029-270-3500
磯﨑自動車工業(株) 本社,茨城県ひたちなか市柳沢236-2,029-263-3245
(有)ガレージイーストジャパン,茨城県ひたちなか市稲田771-1,029-270-3320
磯﨑自動車工業(株) スズキアリーナ 北茨城東,茨城県北茨城市関南町仁井田517-1,0293-46-8335
(株)ホリエオート 古河本店,茨城県古河市原町2-25,0280-33-7155
(株)ホリエオート 古河下山店,茨城県古河市古河776-1,0280-32-1000
Ｓ ＣＡＲＳ ＪＡＰＡＮ,茨城県土浦市右籾2941-1,029-875-6667
ｇｏｏｄ ｃａｒｓ,茨城県土浦市烏山５－２００５－１,029-896-5353
ティーアイオート,茨城県土浦市石籾６４３－１,029-828-4030
(株)ＦＡ Car Shopイープライス,茨城県土浦市神立町3739-4,029-886-8462
スズキトラスト(株),茨城県坂東市大谷口1094-8,0297-38-0081
(有)船津自動車販売 守谷店,茨城県守谷市立沢１９１７－１,0297-34-1272
長嶋自動車(株) 本社,茨城県常陸大宮市北町95-1,0295-52-0844
長嶋自動車(株) タックス常陸大宮,茨城県常陸大宮市泉1122-2,0295-53-1820
(有)ロイヤルオート,茨城県常陸太田市中城町3375,0294-73-0633
カガオートサービス,茨城県日立市十王町伊師1497-2,0294-39-0199
(有)常陽モータース マイカーセンター,茨城県日立市多賀町5-12-6,0294-36-3201
日立第一自動車商会,茨城県日立市弁天町2-16-11,0294-21-2807
磯﨑自動車工業(株) タックス イソザキ 日立,茨城県日立市滑川町２－２－１５,0294-23-1888
セイゾーオート,茨城県東茨城郡大洗町磯浜町５４７２－１,029-267-7788
ＯＲＩＧＩＮＡＬＺ ＡＵＴＯＲＥＰＡＩＲ＆ＳＥＲＶＩＣＥ,茨城県東茨城郡茨城町長岡３５２３－５２,029-353-8001
磯﨑自動車工業(株) スズキアリーナ 水戸 桜ノ牧店,茨城県水戸市見川町2138-67,029-291-5001
(有)ハッピーコーポレーション オートプレジャー,茨城県稲敷市蒲ヶ山４２－１１,029-886-8133
(有)清原 オーテックプラザ,茨城県稲敷郡美浦村大字大谷1447-1,029-885-5378
(有)谷部自動車 スズキアリーナ筑西,茨城県筑西市折本449-3,0296-24-0141
東京オート(株) 東京オート結城店,茨城県結城市下り松4-2-3,0296-33-7211
栗原モータース,茨城県行方市捻木345,0299-55-0145
(株)アーバナイズ,茨城県那珂市菅谷2279-1,029-352-1202
(有)オートK&A Dショップ,茨城県那珂市菅谷3792-8,029-298-9900
(株)ＣＡＲＺ,茨城県鉾田市上沢６３７－１,0291-32-8880
(株)SEISHINモータース,茨城県鉾田市当間４７５－３,0291-34-0051
(有)光自動車販売 ＦＵＮ,茨城県龍ケ崎市若柴町２２４０－１０６０,0297-66-8000
鈴木自動車販売(株) くるま市,栃木県下都賀郡壬生町安塚793-18,0282-86-3188
(有)日向野自動車,栃木県下都賀郡都賀町家中2089-1,0282-27-0030
(株)マキル,栃木県下野市中川島181,0285-39-8411
(有)福田トレーディング,栃木県佐野市下羽田町978-1,0283-22-8577
(有)アイワオート,栃木県佐野市伊勢山町1458-3,0283-24-5177
(有)石橋自動車,栃木県佐野市堀米町3978-5,0283-23-8511
(有)渡辺モータース,栃木県佐野市富岡町1473-2,0283-24-2355
東京オート(株) 東京オート佐野店,栃木県佐野市赤坂町984-1,0283-20-2111
高木自動車(株),栃木県大田原市黒羽田町10-2,0287-54-1123
ＭＡＸ(株) 2号店,栃木県宇都宮市みどり野町18-25,028-612-1678
(株)ＬＩＢＥＲＡＬ,栃木県宇都宮市上桑島町3935-1,028-657-5571
(有)アドバンス カーデイズ宇都宮,栃木県宇都宮市上横倉町８１９－３,028-666-2700
(有)Ｔ．Ｔ．ファクトリー 宇都宮北店,栃木県宇都宮市下川俣町１０６２－５,028-612-5140
(有)ティティエスとちぎ ウォーカーとちぎ宇都宮店,栃木県宇都宮市下田原町1085-2,028-672-8660
(株)成岐,栃木県宇都宮市下砥上町639-1,028-659-6008
(株)スズキ宇都宮販売 スズキアリーナ岡本店,栃木県宇都宮市中岡本町451-1,028-671-8020
(株)正和 ワンダーガレッジ ワンダーガレッジ,栃木県宇都宮市宇都宮市山本3-11-6,028-612-5000
(株)トーワオート 宇都宮南店,栃木県宇都宮市宮の内1-172-3,028-655-1561
ＭＡＸ(株) MAX本店,栃木県宇都宮市幕田町447-8,028-680-4049
(株)トーワオート 宇都宮東店,栃木県宇都宮市平出町323-1,028-683-5331
(株)サンコー,栃木県宇都宮市東原町８番３４号,028-658-0313
(株)池島自動車,栃木県宇都宮市江曽島本町6-14,028-658-5050
(株)スズキ宇都宮販売 ダイハツピット レインボー泉が丘店,栃木県宇都宮市泉が丘５－２－１６,028-661-3270
(有)日晃自動車販売,栃木県宇都宮市白沢町1850-3,028-673-1245
(有)フィッシャーマンズモータース,栃木県宇都宮市石井町1294-2,028-663-4868
(有)林モータース,栃木県宇都宮市石井町2579-4,028-613-3301
東京オート(株) 東京オート若松原店,栃木県宇都宮市若松原1-3-15,028-688-3611
(有)プレステージ プレステージオート,栃木県宇都宮市西川田町1017-1,028-658-1122
(有)オートサービスサカモト,栃木県宇都宮市西川田町282-1,028-645-4135
(有)ジャストオート,栃木県宇都宮市西川田町909-1,028-659-1110
(有)西川田自動車,栃木県宇都宮市西川田町965,028-658-0881
(有)松原自動車整備工場,栃木県宇都宮市鐺山町3-13,028-667-0636
(株)トーワオート 宇都宮西店,栃木県宇都宮市鶴田町2020-1,028-649-3321
東京オート(株),栃木県小山市東城南1-16-4,0285-28-1111
東京オート(株) 東京オート小山店,栃木県小山市東城南2-1-5,0285-27-6211
(有)オートサービス安西,栃木県日光市大沢町125,0288-26-0016
ファミリーオート販売(有),栃木県日光市豊田41-6,0288-21-2323
(有)高橋モータース,栃木県日光市鬼怒川温泉大原15,0288-77-3151
(株)別井商店,栃木県栃木市大宮町1579-1,0282-27-1748
(株)アスカ 大平営業所,栃木県栃木市大平町川連390-1,0282-25-0505
(株)アスカ,栃木県栃木市柳橋町13-11,0282-24-3535
(株)アスカ スズキアリーナ栃木南,栃木県栃木市神田町21-21,0282-23-3355
(株)スズキ販売宇都宮東,栃木県栃木県宇都宮市東町22-1,028-689-0010
(株)クニヤ,栃木県河内郡上三川町しらさぎ2-1-11,0285-56-0928
東京オート(株) 東京オート上三川店,栃木県河内郡上三川町上三川4425,0285-56-6111
(株)Ｇａｒａｇｅ ＫＩ Ｃｏｍｐｌｅｔｅ,栃木県真岡市清水1441,0285-81-6612
岡原自動車,栃木県矢板市中150-21,0287-43-2717
(有)星野自動車整備工場,栃木県矢板市針生333-16,0287-44-0212
(有)矢島自動車,栃木県芳賀郡益子町大字益子2262-1,0285-72-3477
(有)吉永自動車整備工場,栃木県芳賀郡芳賀町祖母井南1丁目10番10号,028-677-0240
(有)アソック,栃木県足利市久保田町1556,0284-71-6879
(株)エコアール エコアールDS館,栃木県足利市久保田町880-1,0284-70-6446
(有)斉藤自動車,栃木県足利市名草下町4025-1,0284-41-9021
(有)モンテカルロオート,栃木県足利市大久保町1241,0284-91-2815
(有)アルファーオート,栃木県足利市大前町1394-1,0284-64-0101
東京カーセンター(株),栃木県足利市小俣町127-3,0284-62-0283
(有)あすか自動車,栃木県足利市朝倉町3丁目24-4,0284-72-8115
堀越商事(株) マイアミカーズ店,栃木県足利市通2-3-10,0284-22-3551
(株)八木沢自動車販売,栃木県那須塩原市三区町630-9,0287-36-2616
(株)渡辺自動車,栃木県那須塩原市北和田867-3,0287-65-0809
(有)秋元自動車,栃木県那須塩原市新南163-515,0287-53-8181
(有)しのぶや 黒磯店,栃木県那須塩原市黒磯1番地5,0287-74-6577
(株)イズミ興社,栃木県那須烏山市谷浅見1013-1,0287-84-0010
(株)渡辺自動車 那須営業所,栃木県那須郡那須町高久甲2388,0287-64-2081
(有)ヤナカ ヤシチオート,栃木県鹿沼市上石川1447番地3,0289-76-2091
(株)トラック市北関東,栃木県鹿沼市深津９８９－３,0289-74-7722
(株)ヒーロー,栃木県鹿沼市西沢町1292-1,0289-77-2323
(株)ヒーロー ヒーローオート鹿沼店,栃木県鹿沼市西茂呂2-2-8,0289-63-6662
(有)ミツエ自動車,群馬県伊勢崎市堀口町61-1,0270-23-1965
くるまやゴールド,群馬県伊勢崎市境女塚313-59,0270-61-8681
(有)神光オート,群馬県吾妻郡中之条町大字市城104-1,0279-75-5959
(有)鈴木自動車,群馬県吾妻郡東吾妻町原町404,0279-68-2687
小野上自動車整備工場,群馬県渋川市村上195-1,0279-59-2186
(有)渋川マツダ,群馬県渋川市渋川1617-2,0279-22-0812
(有)河内屋,群馬県渋川市白井2227-1,0279-23-4002
(有)兵藤自動車工業 ＪＳオートセンター,群馬県渋川市赤城町津久田１７３－１２,0279-56-4003
(有)兵藤自動車工業,群馬県渋川市赤城町長井小川田1491,0279-56-4004
(株)オートショップＫ２,群馬県藤岡市中大塚２０２－２,0274-25-8208
(株)Ｙ’ｓ Ａｕｔｏ Ｃｏｍｐａｎｙ,群馬県藤岡市森187-1,0274-50-6757
(株)キャッスルオートセンター,群馬県高崎市島野町1036-3,027-381-6886
TAX高崎店,群馬県高崎市柴崎町９３６,027-384-6011
(有)富士オート販売,埼玉県さいたま市中央区八王子1-2-1,048-854-7389
玉利自動車販売(株) トラック市浦和営業所,埼玉県さいたま市中央区円阿弥6-4-23,048-854-7773
(有)ＪＵＮインターナショナル,埼玉県さいたま市北区別所町86-15,048-654-6547
(株)Ｋｍ’ｓ Ｓｏｅｎｏ,埼玉県さいたま市北区吉野町2丁目200-15,048-660-5201
常陽自動車(株),埼玉県さいたま市北区宮原町2-6-16,048-666-3576
中央自販(有),埼玉県さいたま市南区太田窪2丁目3番22号,048-885-2233
(有)ブリーズ,埼玉県さいたま市南区文蔵2-7-4,048-865-0319
(株)千鳥自動車興業,埼玉県さいたま市南区根岸3-30-7,048-862-4512
オーケー自販(株),埼玉県さいたま市南区辻1-5-15,048-714-0333
中嶋自動車工業(株) 大宮店,埼玉県さいたま市大宮区三橋2-701,048-644-5023
(株)小宮自動車商会,埼玉県さいたま市岩槻区原町6-53,048-756-1525
(株)オートガレージイチニイニイ Cars122,埼玉県さいたま市岩槻区箕輪211-3,048-795-6078
(有)ダイエイエンタープライズ,埼玉県さいたま市岩槻区馬込224-1,048-749-8206
(株)オートガレージイチニイニイ,埼玉県さいたま市岩槻区馬込322-3,048-756-6641
(有)天王商事,埼玉県さいたま市桜区田島9-23-10,048-838-5566
(株)ガレージイガラシ,埼玉県さいたま市緑区三室1203-3,048-810-6070
浦和東三菱自動車販売(株) クリーンカー駒場,埼玉県さいたま市緑区原山2-3-29,048-882-0181
浦和東三菱自動車販売(株),埼玉県さいたま市緑区原山2丁目7番１号,048-885-5121
コサカ自動車販売(株),埼玉県さいたま市緑区山崎1-12-15,048-874-5001
エバーグリーンオート(株) ファースト店,埼玉県さいたま市緑区東大門2-2-12,048-878-3981
中嶋自動車工業(株) 浦和美園店,埼玉県さいたま市緑区美園5-47-9　小森ビル1階,048-714-0208
(有)マスターズオート,埼玉県さいたま市西区中釘2171-7,048-622-7000
(有)カートップデイリー,埼玉県さいたま市西区宮前町320-1,048-625-0789
和泉自動車販売(株),埼玉県さいたま市見沼区南中丸545-1,048-686-7501
(有)島村オート,埼玉県さいたま市見沼区蓮沼1400,048-686-1842
(有)三上モータースマイカーセンター,埼玉県ふじみ野市亀久保2-15-17,049-264-8358
中嶋自動車工業(株) ふじみ野店,埼玉県ふじみ野市大井830-1,049-263-0008
上福岡自動車(株),埼玉県ふじみ野市新駒林2-3-11,049-262-0007
(有)ワイエム企画 アデランテ,埼玉県上尾市原市3167,048-812-7473
(株)スマイルランド カーミニーク上尾日産通り店,埼玉県上尾市壱丁目47-1,048-788-3219
粕谷自動車(株),埼玉県上尾市壱丁目北７番１,048-781-2240
高橋自動車(株),埼玉県児玉郡上里町大字七本木2913-1,0495-33-2048
(株)森村自動車,埼玉県児玉郡上里町神保原町841-1,0495-33-3181
ラダーオート(有),埼玉県児玉郡上里町長浜702-1,0495-33-0091
吉田自動車,埼玉県児玉郡美里町大字関４４８－３,0495-71-5205
(株)ディライトイノベーション,埼玉県入間市春日町1-8-20　1F,04-2968-9822
寺清自動車(株) 入間店,埼玉県入間市東藤沢3-6-11,04-2963-1346
中嶋自動車工業(株) 所沢店,埼玉県入間市東藤沢4-2-5,04-2962-0008
宮岡自動車(株),埼玉県入間市鍵山2-9-26,042-964-3311
(株)エスティーエス,埼玉県入間郡三芳町大字北永井437-1,049-258-2070
(有)オートガレージ弁慶,埼玉県入間郡三芳町竹間沢東１６－７,049-259-3848
(有)船津自動車販売 所沢三芳店,埼玉県入間郡三芳町藤久保13番地28,049-258-7576
(株)オートボーイ Net One（ネットワン）八潮店,埼玉県八潮市八條1495-1,048-930-6666
(有)杉田モータース,埼玉県加須市北小浜堂前157-3,0480-61-1414
毎日自動車販売(株),埼玉県加須市大字騎西13-1,0480-73-5838
小林自動車整備工場,埼玉県加須市杓子木516-2,0480-72-2634
(有)フォーライフ,埼玉県加須市鴻茎138-1,0480-70-0323
(株)スマイルランド カーミニーク北本店,埼玉県北本市二ツ家2丁目118,048-598-6933
(有)新越商交,埼玉県北本市本宿5-71,048-590-1252
(有)むさしの自動車商会,埼玉県北本市本町4-22-1,048-861-1951
(有)室町モーターズ,埼玉県北本市深井4-101,0485-41-2403
(有)相馬モータース 杉戸本店,埼玉県北葛飾郡杉戸町大字下高野219-3,0480-34-6772
中嶋自動車工業(株) 春日部店,埼玉県北葛飾郡杉戸町本郷780-1,0480-34-0008
(株)ガリレオ アイカー杉戸,埼玉県北葛飾郡杉戸町椿575,0480-38-0041
(有)富沢自動車商会 杉戸高野台店,埼玉県北葛飾郡杉戸町高野台南５－５－７,0480-34-3557
(株)キリン自動車 和光店,埼玉県和光市本町23-14,048-465-3333
(株)オートギャラリー新生,埼玉県坂戸市厚川151-1,049-285-4331
くるまの沼尾(株),埼玉県坂戸市関間4-14-8,049-283-2900
(株)オートボーイ Net One（ネットワン）越谷店,埼玉県埼玉県越谷市大字増林３６０１,048-960-6666
(株)男衾自動車,埼玉県大里郡寄居町大字赤浜661,048-582-1072
(有)サイトーモーター,埼玉県富士見市東大久保1880-1,049-251-2916
(株)あんりつ,埼玉県川口市原町4-36,048-242-0560
ヨコハンオート(株),埼玉県川口市大字芝5045,048-261-3711
(株)カーメイトサクセス,埼玉県川口市安行藤八650,048-298-1000
(株)和幸自動車,埼玉県川口市峯903-1,048-296-4822
(株)フジミオート 川口店,埼玉県川口市差間124番地1,048-294-3353
(株)フレックス車太郎,埼玉県川口市新堀1124-2,048-290-1488
(有)ユアーズ・カンパニー,埼玉県川口市源左衛門新田294-1,048-298-6155
ホクエツ自動車販売(株),埼玉県川口市芝4424-1,048-261-2211
ホクエツ自動車販売(株) 越谷店,埼玉県川口市芝4424-1,048-986-2211
エバーグリーンオート(株) セカンド店,埼玉県川口市辻100番地,048-280-1818
(株)ビーハイブ カーフレーム,埼玉県川越市下赤坂42,049-257-5511
(有)サイトーモーター,埼玉県川越市古市場602-3,049-293-6378
ビーバー(同） 車のビーバー川越店,埼玉県川越市小ヶ谷854-1,049-225-3511
(株)ジャスティストレード,埼玉県川越市熊野町20-12-101,049-265-5490
川口自動車販売(有),埼玉県幸手市東3-4-3,0480-40-5125
(株)中森オート,埼玉県志木市幸町4-1-35,048-473-0225
中嶋自動車工業(株) ラビット戸田店,埼玉県戸田市下戸田2-31-11,048-434-6008
村山自動車,埼玉県所沢市上山口1689-1,04-2925-0605
(株)キリン自動車 新座店,埼玉県新座市あたご1-3-43,0424-93-2415
横山自動車販売(株),埼玉県新座市新堀3-7-12,042-493-6003
(株)正木自販,埼玉県新座市畑中1-14-1,048-478-4000
寺清自動車(株) 日髙店,埼玉県日高市大谷沢279-5,04-2985-3251
(株)イルマオートセンター,埼玉県日高市高萩1146-1,042-989-6633
(株)カーメイトサクセス 春日部店,埼玉県春日部市備後東５丁目１７番地１,048-792-0333
(株)Ａｕｔｏ ＧＲＥＥＮ,埼玉県春日部市大沼1-11-1,048-717-2475
(株)Ｃａｎｏｎ Ｂａｌｌ ショールーム,埼玉県春日部市豊町5丁目13番地8号,048-763-3333
(有)相馬モータース 春日部東支店,埼玉県春日部市金崎395-1,048-797-6321
(株)マイカー三喜,埼玉県朝霞市大字膝折町2-12-51,048-464-0422
(株)タカハシ,埼玉県東松山市大字柏崎177,0493-22-2775
(株)スマイルランド カーミニーク 桶川店,埼玉県桶川市坂田1639-2,048-779-5226
(株)スマイルランド カーミニーク桶川ＭＩＣＥＬ店,埼玉県桶川市寿2-15-9,048-781-5002
(株)スマイルランド カーミニーク桶川エキチカ店,埼玉県桶川市寿2-17-18,048-871-8110
森自動車,埼玉県比企郡吉見町長谷250-1,0493-54-0905
(有)伊藤自動車整備工場,埼玉県比企郡小川町大字小川468-6,0493-72-0657
(有)ケヤキオート,埼玉県比企郡川島町大字下狢562-1,049-297-7231
(株)プログレスケンエイ 熊谷店,埼玉県熊谷市中奈良748-1,048-523-8888
(株)粕谷自動車 カーフォーラムカスヤ,埼玉県狭山市狭山17-7,04-2952-3125
(株)秩父オート,埼玉県秩父市大野原295-4,0494-24-2551
(有)大杉自動車興業,埼玉県秩父郡小鹿野町小鹿野632,0494-75-0129
カーショップアニマル,埼玉県羽生市東8-7-6,0485-63-0560
(株)ホリエオート 草加店,埼玉県草加市旭町4-7-18,048-943-1500
(株)オートボーイ Net One（ネットワン）草加店,埼玉県草加市柿木町680-5,048-930-0900
ネットワークシステム(株),埼玉県蓮田市桜台3-10-4,048-765-1231
(株)コードナインインターナショナル 蕨営業所,埼玉県蕨市錦町1-5-1,048-431-0904
しのぶ自動車販売(株),埼玉県行田市下忍438,048-553-0080
(株)ダイエー自動車販売 行田店,埼玉県行田市若小玉1589-1,048-556-1865
(有)アスピレーション,埼玉県越谷市南荻島1197-1,048-973-2250
三花自動車(株) 本店,埼玉県越谷市宮本町5-243,048-966-4111
神根自動車販売(株),埼玉県越谷市新川町2-300-1,048-940-3111
中嶋自動車工業(株) 越谷店,埼玉県越谷市神明町2-140,048-965-0008
山一自販(株),埼玉県越谷市西方2-22-2,048-960-5422
三花自動車(株) 越谷3号店,埼玉県越谷市谷中町1-91,048-966-0964
(有)飯能ホンダ販売,埼玉県飯能市大字双柳1163-19,042-972-4211
(有)船津自動車販売 鶴ヶ島若葉店,埼玉県鶴ヶ島市上広谷761-1,049-277-7222
(株)クロス,埼玉県鶴ヶ島市大字上広谷722-19,049-279-1110
(有)昭和オート,千葉県千葉市中央区蘇我５丁目４６番５号,043-266-4891
(株)サトウオート,千葉県千葉市稲毛区長沼原町30-1,043-259-1386
(株)新栄自販,千葉県千葉市花見川区天戸町985,043-257-5700
(株)バリューワン 八千代１６号店,千葉県千葉市花見川区横戸町１１６３,047-409-8181
(株)ＩＳＭ ＣＡＲ  ＤＥＡＬＥＲ  ＩＳＭ,千葉県千葉市花見川区犢橋町８２３－１,043-304-5720
(株)バリューワン 千葉店,千葉県千葉市若葉区小倉町７４８－１,043-214-8883
(株)ライフオートファクトリィ,千葉県千葉市若葉区金親町129,043-237-0462
(有)エージェントオダカ エージェントODAKA 第1展示場,千葉県山武市松尾町借毛本郷4089,0479-86-5491
(有)エージェントオダカ サービス工場メカピット松尾,千葉県山武市松尾町広根985,0479-80-7511
(株)宣美モータース,千葉県市原市君塚2-7-5,0436-63-3933
ダイワホールディングス(株) ダイワオート 市原インター店,千葉県市原市村上2313-3,0436-20-3900
ダイワホールディングス(株) ダイワオート本店,千葉県市原市江古田４０１番地,0436-92-2711
(有)カーレボリューション 成田店,千葉県成田市ウイング土屋１３９,0476-24-4567
(有)マンザイ自動車,千葉県旭市萬歳519-1,0479-68-2553
(有)伊原自動車販売,千葉県流山市思井367,0471-58-0191
(株)日輪商会,千葉県白井市冨士12-5,0474-45-5421
（株）ゼロノンストップ ラビット白井木下街道店,千葉県白井市冨士52番地51,047-442-1414
(株)日動自販 マツダオートザム船橋北店,千葉県船橋市三咲9-1-9,047-449-4136
(株)日動自販 商用車店（TAX船橋）,千葉県船橋市飯山満町1-130,047-424-3881
(株)日動自販 本店,千葉県船橋市飯山満町1-194,047-426-3000
(株)アップステージ,千葉県茂原市押日370-3,0475-44-4564
(株)ファースト・カーセールス,千葉県野田市山崎1911-2,0471-25-5171
(有)光陽モータース 本店,千葉県銚子市野尻町37,0479-33-0574
(株)イケダオート,千葉県鎌ケ谷市中沢720,047-446-0281
(株)佐々木,千葉県鴨川市花房141-1,04-7092-1237
(株)新栄 ラビット三鷹東八通り店,東京都三鷹市新川２－１２－５,0422-41-0031
(有)エムオート,東京都世田谷区上馬1-32-22,03-5432-4655
中嶋自動車工業(株) ラビット八王子堀之内店,東京都八王子市別所一丁目１０番７,042-689-5112
(株)ティーアンドアイ,東京都墨田区向島１－３２－７  ＫＳビル５階,03-3626-1755
東京レンタル(株),東京都大田区池上6-34-3-201,03-3752-8384
(株)ウィナーグループ,東京都大田区萩中3-20-7,03-3745-3557
(株)スマートオート,東京都江東区東砂5-20-2,03-6666-2544
(有)ラインアウト オニキス稲城,東京都稲城市矢野口953,042-370-8188
(有)山口興業  カーショップ・トム,東京都練馬区東大泉7-34-33,03-3921-8177
(株)加賀商會,東京都足立区加賀2-11-7,03-3855-3663
土屋自動車(株),東京都足立区本木2-21-16,03-3848-0053
(株)プロスタッフ,東京都足立区竹の塚7-20-12,03-3850-2357
(株)トラック・トラッカー 本社,東京都足立区西竹の塚二丁目１３番１９号,03-3896-1009
ＫＭュ オート,神奈川県伊勢原市高森407-1,0463-91-3226
(有)加藤モータース販売,神奈川県南足柄市斑目643,0465-74-0707
(有)オートチェック 本店,神奈川県厚木市恩名９６１－１,046-224-0361
(有)ビーライン,神奈川県小田原市下大井438-1,0465-39-3325
(株)杉之間,神奈川県小田原市小八幡4-10-10,0465-47-2262
ＹＪＣホールディングス(株),神奈川県小田原市曽我別所772－7,0465-41-1141
(株)オートプラザ小田原,神奈川県小田原市矢作23,0465-48-0454
(有)エフエースミヨシ,神奈川県川崎市中原区井田中ノ町23-12,044-755-7879
(株)ツカダ スズキ溝ノ口,神奈川県川崎市高津区下作延1丁目７番24号,044-811-0711
(株)ツーウィン,神奈川県川崎市高津区千年17,044-788-7710
(有)エナジー,神奈川県平塚市真田3-24-20,0463-59-5822
(有)ミゾロギ自動車商会,神奈川県平塚市錦町17-11,0463-21-1634
(有)エムアンドエム,神奈川県横浜市戸塚区品濃町1676-1,045-824-5515
(株)大島自動車,神奈川県横浜市戸塚区小雀町1955-1,045-852-7754
(有)マイロード,神奈川県横浜市戸塚区川上町630,045-827-2852
神奈川オート(株),神奈川県横浜市戸塚区川上町77-1,045-823-6588
(株)サムズ Ｓａｍ’ｓ Ｇａｒａｇｅ,神奈川県横浜市戸塚区戸塚町1977-5,045-860-6808
(株)岩崎自動車商会,神奈川県横浜市旭区鶴ヶ峰２－８,045-954-2123
(有)オートモバイル,神奈川県横浜市瀬谷区五貫目町11-8,045-924-4411
(株)ジャパンダットサンサービス ファニーカーズ,神奈川県横浜市瀬谷区五貫目町3番地8,045-922-2313
(有)ＯＫオートサービス カーライフサポート横浜,神奈川県横浜市瀬谷区本郷１－６７－９,045-459-5461
(有)キングコーポレーション,神奈川県横浜市瀬谷区瀬谷6-23-7,045-302-7122
白鳥自動車(株),神奈川県横浜市神奈川区新子安2-4-26,045-439-0439
(有)ラウンドオート 本店,神奈川県横浜市都筑区大棚町262,045-593-4037
(株)カーヒストリー,神奈川県横浜市都筑区早渕1-16-53,045-591-7728
(有)ヒューマンサービス,神奈川県横浜市都筑区東山田町1521,045-591-3153
(株)グリーンフラッグ 第２センター,神奈川県横浜市都筑区池辺町3246-1,045-932-7744
(株)グリーンフラッグ 第１センター,神奈川県横浜市都筑区池辺町3749-1,045-937-3400
(株)ライトアップ,神奈川県横浜市鶴見区弁天町10-1,045-500-2218
(有)山田自動車商会,神奈川県横須賀市佐原1-19-1,0468-34-7272
湘南オートカーズ(株),神奈川県横須賀市追浜町1-36-8,046-867-6066
(有)誠和会,神奈川県横須賀市須軽谷８４７－１,046-855-0663
(有)ＣＡＲ工房,神奈川県相模原市南区下溝3054-1,042-777-8133
アウェイクインターナショナル(株),神奈川県相模原市南区当麻2316,042-711-9850
(有)ビーライン ファイブスターテクニカル,神奈川県秦野市平沢400-8,0463-75-9343
(株)アドバンス湘南,神奈川県茅ヶ崎市高田4-5-51,0467-55-1595
(株)グリーンオート,神奈川県足柄上郡大井町上大井262-4,0465-83-3318
(有)サクセスオート湘南,神奈川県鎌倉市関谷742,0467-47-5830
(有)本多自動車,新潟県三条市大島4661番地6,0256-34-1062
(有)イワモト自動車販売,新潟県上越市大字上島473番地1,025-525-4719
(有)城北自動車販売,新潟県上越市大字土橋1910番地2,025-522-4727
(株)ツチダオート・サービス,新潟県五泉市本田屋3154-1,0250-58-5078
博榮自動車販売(株),新潟県十日町市高山841番地11,0257-52-3465
(株)マイカーギャラリ北越,新潟県南魚沼市美佐島89番地111,025-773-6481
(有)片貝自動車商会,新潟県小千谷市片貝山屋町1番地1,0258-84-2405
旭自動車(株),新潟県新潟市中央区南笹口1丁目8番1号,025-246-3221
(株)ナガノモーター,新潟県新潟市中央区女池上山5丁目238,025-281-6066
(有)佐藤自販,新潟県新潟市北区山飯野496番地,025-387-2750
(有)三ツ森オート,新潟県新潟市北区高森新田112番地,025-386-8154
ＯＮＥ＆ＰＥＡＣＥ(株) オートガーデンサンスポット,新潟県新潟市南区大通黄金3丁目1-26,025-362-0333
(株)あいポート,新潟県新潟市東区松崎1-31-12,025-250-9191
(株)セブンオートサービス,新潟県新潟市江南区五月町1丁目3番33号,025-382-0001
小野自動車(有),新潟県新潟市江南区花ノ牧318番地1,025-280-2225
(有)三栄オート工業 SANEI AUTO JOY,新潟県新潟市秋葉区さつき野2丁目11-16,0250-21-3010
(株)新潟ロビンソン,新潟県新潟市秋葉区北上2008番地,0250-24-4455
北栄自動車工業(株),新潟県新潟市秋葉区北上912番地,0250-22-0837
ＯＮＥ＆ＰＥＡＣＥ(株) ラビット新潟小新インター店,新潟県新潟市西区小新大通2-3161,025-201-6901
創栄自動車,新潟県新潟市西区緒立流通2-3-9,025-377-1666
(株)佐野自動車商会,新潟県新潟市西区黒島４３７６番地７,025-377-7887
(有)トレックス,新潟県新潟市西蒲区曽根1555,0256-77-8955
(株)イエスト,新潟県新潟市西蒲区津雲田711番地,0256-82-4167
カーライフ,新潟県新潟市西蒲区津雲田90,0256-82-0071
(有)平慶自動車工場,新潟県新潟市西蒲区赤鏥946番地3,0256-72-4584
カイツ自動車(株),新潟県新発田市中曽根町3丁目13番11号,0254-22-4151
(株)ユタカオート,新潟県新発田市新栄町2丁目2番21号,0254-21-1551
(株)ヤマミ,新潟県新発田市新栄町2丁目4番5号,0254-23-8505
(株)佐藤モータース タックス月岡,新潟県新発田市本田3647-1,0254-32-3161
(株)カーステージ,新潟県柏崎市大字安田1912番地,0257-24-7351
(有)オート倶楽部,新潟県柏崎市茨目1丁目12番41号,0257-24-5001
ＯＮＥ＆ＰＥＡＣＥ(株) ラビット燕三条店,新潟県燕市井土巻3-13,0256-47-0222
アカツカ自販(株),新潟県燕市佐渡2789,0256-62-3126
川崎自動車(株),新潟県燕市大曲字居付2443番地,0256-64-3155
北斗交易(株),新潟県糸魚川市横町4丁目7番18号,0255-52-6268
(株)マルヤマ 丸山自動車整備工場,新潟県西蒲原郡弥彦村大字中山667番地,0256-94-5788
(有)長岡中古車販売,新潟県長岡市下条町692番地,0258-22-2914
(株)新潟モータープライズ,新潟県長岡市喜多町字金輪303番地1,0258-27-6141
ＯＮＥ＆ＰＥＡＣＥ(株) ラビットながおか花火館前店,新潟県長岡市喜多町字鐙潟564-1,0258-25-8867
(有)大島鉄工所,新潟県長岡市脇野町2268番地2,0258-42-2239
(株)北陸モーターサービス,新潟県長岡市船江町2番地21,0258-32-1370
ＯＮＥ＆ＰＥＡＣＥ(株) ラビット長岡蓮潟店,新潟県長岡市蓮潟5丁目1-10,0258-25-8867
(株)ジェイウイングス,新潟県長岡市要町１丁目６番２４号,0258-39-1504
庄司自動車(株),新潟県阿賀野市金田町5番71号,0250-62-2335
(有)小出自動車工業,新潟県魚沼市井口新田1013番地,025-792-1025
(株)インパル,新潟県魚沼市原虫野384-2,025-793-2622
(株)杉原自動車整備工業所,富山県下新川郡入善町上野11792-7,0765-72-5600
(株)ビックモーター石崎,富山県南砺市二日町2085-2,0763-22-6800
(株)協栄モータース,富山県南砺市吉江中1163,0763-52-0694
(有)三田自動車,富山県南砺市吉江中1328,0763-52-3737
石黒自動車工業(株),富山県南砺市岩屋312,0763-82-1259
(株)オヤマ自動車,富山県南砺市荒木1438,0763-52-0349
朝日モーター(株),富山県南砺市高堀341-1,0763-22-2647
(株)ガレージサーティワン,富山県富山市上袋690,076-492-5566
(株)中田モータース,富山県富山市下大久保２６５１番地１６,076-468-2323
(株)横山モータース 大泉カーセンター,富山県富山市大泉東町2丁目19,076-422-0527
(有)カトー,富山県富山市婦中町上轡田134-1,076-465-2004
(株)千里自動車整備工場,富山県富山市婦中町小倉231,076-469-3200
(株)扇榮,富山県富山市山室32-1,076-494-2517
(株)ファンファクトリー,富山県富山市掛尾町125-5,076-495-9266
(株)ナイン自動車,富山県富山市新庄銀座3-1-64,076-451-1190
Ｎカーズ,富山県富山市町袋313-1,076-451-3332
(株)スズキアリーナ富山東,富山県富山市針原中町898-5,076-451-8989
(株)松田自動車,富山県射水市七美中野63-11,0766-86-1133
(有)小杉自動車,富山県射水市三ケ1500,0766-55-2233
(株)ハシバ,富山県射水市三ケ1522,0766-55-3848
(株)大信自動車,富山県射水市大江1230,0766-55-2667
(株)ＡＵＴＯ ＨＯＵＳＥ Ｆ－１,富山県射水市橋下条51-1,0766-57-3003
多田自動車工業(株),富山県小矢部市石王丸1,0766-67-2503
(株)浅野モータース,富山県滑川市上島1243,076-475-3161
(有)パブリックオート髙橋,富山県砺波市十年明8,0763-33-3580
(有)ショートーオート,富山県砺波市東保２６４番地の３,0763-37-2239
タナベ自動車(株),富山県高岡市三女子128,0766-21-3821
(有)早苗モータース,富山県高岡市上渡55,0766-31-0761
ヤマ自動車(株),富山県高岡市伏木一宮2-1-6,0766-44-5718
キングオート(有),富山県高岡市六家731,0766-32-1721
(有)ガレージ・ケイズ・ウエスト,富山県高岡市北島３０５番地,0766-26-3676
(株)ノースランド 澤田自動車販売 相木店,富山県魚津市相木848-1,0765-24-6220
(有)カーメインテナンス朝倉,富山県黒部市荻生6850-9,0765-54-1919
(株)杉本自動車サービス,石川県かほく市松浜ハ31番地12,076-285-1621
(株)白尾自動車サービス,石川県かほく市白尾ツ70番地,076-283-4368
白江自動車整備(株),石川県かほく市高松マ8-8,076-282-5800
(株)大同ゼネラルサービス,石川県加賀市熊坂町ハ35番地1,0761-72-3970
(有)藤沢自動車,石川県加賀市片山津町ユ61-13,0761-74-0561
立石自動車(株),石川県加賀市西島町ワ8,0761-77-3333
(有)オートモービレッジ,石川県小松市北浅井町ろ１３０番地１,0761-23-5285
(株)太田モータース,石川県小松市幸町2-72,0761-21-8288
ユアサ自動車工業(株),石川県小松市犬丸町丙30番地,0761-24-1571
(有)松山自動車 カーパイン松山,石川県小松市矢崎町ネ4,0761-44-1101
岡田モータース,石川県珠洲市正院町正院をの10の2,0768-82-0476
(株)丹羽自動車工業,石川県白山市福留町６０３番地,076-277-0002
(株)上杉モータース,石川県羽咋郡志賀町福野5の1番地17,0767-32-1243
(株)エース自動車,石川県羽咋郡志賀町長沢ロの6番地1,0767-32-0444
(株)エージェント,石川県能美市粟生町レ51-2,0761-58-6010
(株)南星自動車,石川県能美郡川北町橘子2番地,076-277-0124
(株)畑中自動車,石川県輪島市長井町19の18番地,0768-22-7798
北島自動車,石川県輪島市鳳至町下町163-12,0768-22-0251
石川オート(株),石川県野々市市押野2丁目180番地,076-248-2555
(有)カオス,石川県野々市市押野4丁目36番地,076-294-2233
(株)本郷自動車,石川県金沢市北塚町東137番地1,076-214-0505
西南自動車工業(株),石川県金沢市新保本1丁目60-1,076-249-2611
(株)野町ホンダ坂井商会,石川県金沢市泉本町1丁目2番地,076-242-2448
泉丘自動車(株),石川県金沢市泉野出町4丁目2番25号,076-243-3395
八交自動車工業(株),石川県金沢市浅野本町2丁目11番15号,076-252-8271
(有)シー・エイ・ティ,石川県金沢市福久町ハ28,076-257-7865
(株)セフティオート,石川県金沢市稚日野町南150番地,076-268-7666
竹雄自動車(株),石川県金沢市菊川2丁目32番23号,076-264-0181
伸和自動車,石川県金沢市藤江北3-99,076-268-6568
(株)みゆきモータース,石川県金沢市西泉4丁目30番地,076-243-5855
相互自動車商事(株),石川県金沢市西泉5丁目2番地,076-241-0315
ウィンズオート,石川県金沢市西金沢新町191番地,076-249-7020
尾崎商会自動車部,石川県金沢市金石本町ハ-28,076-268-0706
(有)オートサービス上野,福井県あわら市北11-168-1,0776-74-1004
(株)美浜モーターサービスセンター,福井県三方郡美浜町郷市47-2-1,0770-32-2000
三国車輌工業(株) ミクニオート,福井県坂井市三国町中央1丁目1-44,0776-81-2253
松本自動車販売(株),福井県坂井市丸岡町長畝71-15,0776-66-7643
内田自動車(有) スズキアリーナ坂井,福井県坂井市春江町藤鷲塚39-22-3,0776-58-0300
京福商事(株),福井県大野市中野29-5-9,0779-66-7123
(有)西野自動車,福井県大飯郡高浜町紫水ケ丘1-1-79,0770-72-0462
(有)津田自動車,福井県小浜市伏原２９号１５番１,0770-52-2323
小浜マイカー販売(株),福井県小浜市遠敷8丁目702番の1,0770-56-0002
大洋自動車工業(株),福井県敦賀市昭和町1丁目22-31,0770-23-1221
(有)ウィングオート,福井県福井市三郎丸町4丁目502,0776-28-2280
(株)スズキアリーナ福井中央 蔵之助 福井店,福井県福井市今市町41-11,0776-38-4600
(株)ファイブスター,福井県福井市今市町第３５号３番地２,0776-37-3221
勝見モータース(株),福井県福井市和田東１丁目１１０５番,0776-23-5325
ホンダ販売(株),福井県福井市新保町24-6-2,0776-53-3616
(有)上口モータース商会,福井県福井市板垣3丁目1329番地,0776-35-3820
(株)ＣＡＲ－ＭＡＮ,福井県福井市石盛町608番地,0776-56-1244
(株)やよい自動車,福井県福井市花堂東1丁目15-5,0776-35-2818
(有)坂尻モータース,福井県福井市若杉2丁目1531,0776-34-0100
(株)カーボ スーパーカーボ開発店,福井県福井市開発町６字１５番,0776-52-7515
ナリタ自動車(株),福井県福井市高木中央２丁目３３１１,0776-53-5838
(株)ウエジマ,福井県越前市新町9-4-2,0778-22-2007
(株)佐々木モーター 販売センター,福井県鯖江市丸山町２丁目５－１５,52-3252
(有)太陽商会,福井県鯖江市小黒町1丁目11番15号,0778-52-7520
(株)大橋モータース,福井県鯖江市東鯖江4丁目1-6,0778-52-7008
ピットステーションＳＡＢＡＥ,福井県鯖江市鳥羽1丁目4-3,0778-42-5105
カーショップノベルグロウ ＣＡＲＳＨＯＰ ＮＯＶＥＬ ＧＲＯＷ,山梨県中央市布施２３２５－２,055-287-9833
(有)ポパイカーランド カーランドオリーブ,山梨県甲府市上町2198-4,055-243-2616
(株)ケーアンドカーズ,山梨県西八代郡市川三郷町高田180-3,055-272-7112
(有)プライム・ワン,長野県上伊那郡南箕輪村5553番地3,0265-73-9123
(有)赤羽自動車,長野県上田市大字小泉187-1,0268-26-1220
(有)上田マイカーセンター,長野県上田市常磐城5-1-10,0268-27-6228
(有)カーショップ・エム・ケー,長野県上田市神畑161-1,0268-23-5632
カーメーク小布施(株),長野県上高井郡小布施町都住1037,026-251-4151
Ｔ＆Ａオートサービス,長野県下伊那郡喬木村１５８６６,0265-33-1233
松川サービス(株),長野県下伊那郡松川町上片桐4628,0265-36-3733
(有)市川自動車,長野県中野市大字片塩46,0269-23-5757
(株)オートスタッフ長野,長野県伊那市荒井川北町3028,0265-76-8866
(有)ＴＯ大原カーセンター,長野県佐久市中込3679-14,0267-64-5530
市川モータース(株) オートフィールド佐久,長野県佐久市猿久保342-13,0267-68-1105
(有)マイカーセンターチカツ,長野県佐久市長土呂1088,0267-67-3795
(株)ＥＶＯＬＵＴＩＯＮ ＲＩＳＥ ＧＡＲＡＧＥ,長野県佐久市長土呂1280-9,0267-78-3941
(株)更埴カーセンター,長野県千曲市鋳物師屋３８２－１,026-272-6036
(有)ムラカミ自動車,長野県塩尻市大字広丘高出1569-2,0263-52-0229
(株)カーパークロイヤル オレンジ2,長野県塩尻市広丘吉田1004-1,0263-85-3618
(株)マサモータース 19号店,長野県塩尻市広丘吉田333-1,0263-85-7212
(有)杉浦自動車 MUU Communications,長野県塩尻市広丘野村1504-1,0263-54-7319
(株)ワールド カーパーク店,長野県塩尻市広丘高出1537,0263-53-8080
(株)穂高自動車,長野県安曇野市穂高1450,0263-82-2606
(有)中村モータース,長野県安曇野市穂高4585-2,0263-82-2227
(資)プラグアンドプレイ,長野県小県郡青木村大字田沢２２５０－２２,0268-49-3668
(有)三共モータース,長野県岡谷市湖畔二丁目１２番５号,0266-22-6404
(有)ウォーム・ハート 出川店,長野県松本市出川2-21-22,0263-29-1086
(株)ダイハツことぶき,長野県松本市大字寿小赤977-3,0263-58-4139
(有)泉カーセンター,長野県松本市大字島立288-2,0263-47-3393
(有)神山自動車販売,長野県松本市寿北5丁目23-25,0263-57-8000
(株)松本マツダオート マツダオートザム 松本ルート１９,長野県松本市平田東３丁目１５番３号,0263-58-4373
長野オート販売(株),長野県松本市村井町北1丁目2番18号,0263-57-7100
(有)ガレージモータース,長野県松本市浅間温泉1-14-20,0263-46-7891
(株)ウイニング 松本店,長野県松本市笹賀5905-2,0263-88-2311
(有)ウォーム・ハート 芳川店,長野県松本市野溝西3丁目8-3,0263-85-0986
(株)トラストカーサービス オギノ茅野ＳＣ店,長野県茅野市塚原1-17-1 オギノ茅野ショッピングセンター内,0266-73-0007
(株)オートプラザ諏訪,長野県諏訪市大字四賀2354-1,0266-57-1260
(株)カーフィット,長野県諏訪市豊田2400-65,0266-53-8616
(有)マイカイオート,長野県長野市吉田5-1-23,026-215-1515
(有)風間車輌販売,長野県長野市大字南長池666-1,026-244-2503
(有)カーフレンド,長野県長野市大字東和田854番地,026-244-1110
(株)富士ホンダ,長野県長野市安茂里3606-1,026-227-3402
(株)明進,長野県長野市小島174-3,026-213-7302
(株)明進 オートギャラリー長野南店,長野県長野市小島田町１１２７－１,026-214-2312
菅平トヨタ整備(株) 松代店,長野県長野市松代町東寺尾７１１－１,026-278-2153
北産自工(株),長野県長野市稲里町中氷鉋1117-14,026-285-5515
(株)オート信州,長野県長野市若穂川田1831-2,026-282-5678
(有)和田自動車販売,長野県長野市若穂川田3609-1,026-282-5971
Ｓ３－ＧＡＲＡＧＥ,長野県長野市豊野町蟹沢2805,026-257-5005
ニュー共和オート(株),長野県須坂市墨坂2-7-1,026-248-4936
(有)モービルラインナリタ ユーストカーセンター,長野県須坂市幸高町98-2,026-248-4979
(有)城東自動車,長野県飯田市上郷別府3341-6,0265-22-3024
(有)リーダースカーセンター,長野県飯田市上郷黒田4415-1,0265-23-1011
(有)下町自動車工業,岐阜県下呂市萩原町萩原1519-2,0576-52-1239
(有)服部自動車,岐阜県中津川市坂下338-2,0573-75-5262
(有)服部自動車 カーランド ケント,岐阜県中津川市山口232-1,0573-75-5262
(有)鷲見モーター,岐阜県中津川市福岡９４３－３８,0573-72-3105
(有)村井自動車,岐阜県加茂郡七宗町川並523-5,0574-48-1228
(株)古田オート,岐阜県加茂郡東白川村神土582-6,0574-78-2026
(有)ダイヘイオート,岐阜県加茂郡白川町坂ノ東5477-1,0574-75-2755
(有)藤井モータース,岐阜県加茂郡白川町黒川1802-8,0574-77-1628
(株)ユニオンオートワークス ラビット事業部,岐阜県可児市虹ヶ丘６－１６,0574-69-0588
(有)ビークルボックス,岐阜県可児郡御嵩町上恵土574,0574-67-1804
(株)ＹｕＹｕ,岐阜県各務原市成清町3丁目63番地,058-322-8647
(有)カーフレンド ヤマモト,岐阜県各務原市蘇原大島町4-9-2,058-371-0575
(株)蘇原モータース マイカーランド,岐阜県各務原市蘇原新栄町2-44,058-389-0243
(株)アイ・エム・ホンダ,岐阜県各務原市那加西市場町1-95,058-383-1553
(有)川尻オートサービス,岐阜県各務原市那加野畑町2-52,058-371-2177
ＧＡＲＡＧＥ ＨＥＲＯ,岐阜県各務原市鵜沼大伊木町6-16-5,058-370-7308
(有)三柿野モータース,岐阜県各務原市鵜沼川崎町2-111,058-382-5021
(株)横山モータース,岐阜県各務原市鵜沼東町5-85,058-385-1775
(株)中根モータース マツダオートザム土岐,岐阜県土岐市泉町河合341-1,0572-55-1451
(株)中根モータース 駄知ダイハツ,岐阜県土岐市駄知町1448番地の1,0572-59-2118
土井自動車販売(株),岐阜県多治見市上野町5-100,0572-22-6268
(有)今井モータース,岐阜県多治見市京町３丁目７０番地,0572-22-1793
(株)中根モータース オートレブ ジョイカル多治見店,岐阜県多治見市光ケ丘5丁目85番地,0572-21-6100
(有)カワイ,岐阜県多治見市大畑町1丁目171番地,0572-22-8820
東濃自動車工業(株) 本社,岐阜県多治見市東町1-21,0572-22-3333
協和自動車工業(株),岐阜県多治見市池田町2丁目86,0572-23-0628
(有)水野モータース,岐阜県多治見市笠原町2198-1,0572-44-2222
(株)中根モータース ボルボ・カー多治見,岐阜県多治見市金岡町3丁目84番地の1,0572-25-1700
ニッポー・オート販売(株),岐阜県大垣市三本木4丁目60-1,0584-75-1819
(株)光モータース,岐阜県大垣市中野町3丁目3番地,0584-73-8815
(株)小林モーターズ,岐阜県大垣市内原１丁目１８８番地の１,0584-89-4524
(有)スギノ自動車,岐阜県大垣市北方町4丁目101-1,0584-81-5927
(株)三田自動車工業,岐阜県大垣市十六町618-1,0584-91-7381
トップオート(株),岐阜県大垣市大外羽3-23-1,0584-89-5941
(株)オートシティ・ＶＩＰ,岐阜県大垣市安井町4-19-1,0584-81-1813
広瀬自動車,岐阜県大垣市木戸町2-66,0584-78-9482
共栄自動車興業(株),岐阜県大垣市本今3丁目14番地,0584-82-4545
大垣スバル自動車(株) 東前営業所,岐阜県大垣市東前2-44-1,0584-78-3100
平和自動車(株),岐阜県大垣市浅草2-53-2,0584-89-2994
大橋モータース,岐阜県大垣市深池町974,0584-89-1673
内外自動車(株),岐阜県大垣市禾森町6-1320,0584-81-6165
(株)田中モータース商会,岐阜県大垣市緑園２５番地,0584-78-9155
（株）Sky NETWORK CORPORATION,岐阜県大垣市草道島町84番地3,0584-72-1050
(株)末松自動車,岐阜県大垣市西外側町2-33,0584-78-5225
水都自動車(株),岐阜県大垣市長沢町3丁目69-1,0584-75-2500
大垣ホンダ(株),岐阜県大垣市長沢町7-8,0584-73-2121
(有)山口オートサービス,岐阜県山県市高富1-6,0581-22-1046
(有)アイエスオート,岐阜県岐阜市今嶺4-8-9,058-268-6720
大塚自動車販売(有),岐阜県岐阜市前一色1-9-5,058-245-6096
(有)長谷川サービスショップ,岐阜県岐阜市前一色西町13番31号,058-245-9149
(有)ガレージ・インセンス,岐阜県岐阜市城田寺226-1,058-294-8533
千手堂モータース,岐阜県岐阜市大池町22-2,058-251-7714
(有)東海伏見 ,岐阜県岐阜市島田1丁目12-9,058-294-2317
(株)丸岐林サービス,岐阜県岐阜市忠節町2丁目26,058-263-2374
(有)タカダ自動車,岐阜県岐阜市日野南4丁目7-10,058-246-7711
(有)武山モータース,岐阜県岐阜市早田本町1-24,058-294-8283
カーファイン,岐阜県岐阜市春近古市場102-1,058-229-6164
桜井オートサービス 本社営業所,岐阜県岐阜市東栄町1丁目17,058-259-7090
(有)丸正モータース,岐阜県岐阜市東鶉1丁目15,058-271-4844
河村自動車,岐阜県岐阜市栄新町2-15,058-233-6878
濃飛自動車商事,岐阜県岐阜市水海道1-2-14,058-245-7726
大日石油(株),岐阜県岐阜市清本町8-2,058-271-0463
(有)タツヒロモータース,岐阜県岐阜市祈年町10-5-1,058-245-2139
(有)エイワンモータース,岐阜県岐阜市細畑6-9-2,058-246-8516
(株)サクラモト,岐阜県岐阜市芋島5丁目3番21号,058-247-5278
(有)モリサキ総合サービス,岐阜県岐阜市芋島５丁目３番１６号,058-247-0706
(有)ワークス,岐阜県岐阜市西島町3-5,058-231-7177
(有)伊藤モータース,岐阜県岐阜市西鶉2-85-2,058-271-6222
(有)マルエス自動車工業,岐阜県恵那市大井町1064-2,0573-26-4080
恵那ダイハツ(株),岐阜県恵那市大井町１２１０の１,0573-25-3121
(有)くるまの河田,岐阜県恵那市岩村町富田916-1,0573-43-2821
(株)チェリー東濃,岐阜県恵那市長島町中野一丁目11番地3,0573-26-2311
(有)百万ドル,岐阜県恵那市長島町正家513-2,0573-25-9212
(有)川瀬モータース,岐阜県揖斐郡大野町中之元813-1,0585-34-1811
(株)揖斐自動車修理工場,岐阜県揖斐郡揖斐川町三輪1149-1,0585-22-1137
(有)カーズ・ナカシマ,岐阜県揖斐郡揖斐川町三輪421-1,0585-22-1146
牧村モータース,岐阜県揖斐郡揖斐川町和田527-2,0585-22-3125
寺井サービス,岐阜県揖斐郡揖斐川町谷汲深坂2425,0585-55-2925
清水自動車,岐阜県揖斐郡池田町本郷1289-7,0585-45-3001
(株)松車,岐阜県揖斐郡池田町池野385-1,0585-45-2355
末春自動車,岐阜県揖斐郡池田町片山１０４６,0585-45-2486
土川サービス,岐阜県揖斐郡池田町田中302,0585-45-2022
藤倉自動車(株) 本巣店,岐阜県本巣市上保760番地-1,058-213-5521
タグチオート,岐阜県本巣市小柿1051,058-323-6868
(有)高橋モータース,岐阜県本巣市早野14-1,058-324-0564
（株）ナンノーオート,岐阜県海津市南濃町太田188,0584-56-1511
(有)加守モータース,岐阜県海津市海津町長瀬898,0584-53-0285
(有)木田自動車,岐阜県瑞浪市和合町2-161,0572-67-2092
瑞浪ダイハツ(株),岐阜県瑞浪市土岐町6990番地の1,0572-67-2202
東濃自動車工業(株) 瑞浪店,岐阜県瑞浪市土岐町字中町2618-1,0572-68-4558
(有)ツカモトモータース,岐阜県瑞浪市稲津町小里1016-2,0572-68-3303
(有)愛知自動車,岐阜県瑞浪市稲津町萩原1361-1,0572-68-5680
(株)オートビークル土屋 本店,岐阜県瑞浪市穂並1-75,0572-66-2005
(有)竜吟サービス,岐阜県瑞浪市釜戸町1552-1,0572-63-2232
(有)藤井モータース,岐阜県瑞浪市陶町水上656-10,0572-65-2405
陶栄自動車(株),岐阜県瑞浪市陶町水上682-1,0572-65-2201
(有)門野モータース,岐阜県瑞浪市陶町猿爪432-1,0572-65-2229
(株)加茂野自動車工業,岐阜県美濃加茂市加茂野町今泉1553-4,0574-26-5517
(株)協伸オートサービス,岐阜県美濃加茂市山之上町7158,0574-29-1975
加茂オート(株),岐阜県美濃加茂市本郷町5-10-28,0574-25-0777
太田マツダ(株),岐阜県美濃加茂市深田町3丁目1-8,0574-25-3156
(有)タイコー自動車,岐阜県美濃市生櫛1613-8,0575-31-0102
アシナオート,岐阜県羽島市上中町沖1944-1,058-398-6537
(株)シバタモータース,岐阜県羽島市上中町長間2874,058-392-3671
大日石油(株) サンステーション羽島 オートサービスダイニチ,岐阜県羽島市江吉良町145-1,058-391-2219
(株)カーサービス東松,岐阜県羽島市江吉良町685番地,058-391-9510
(有)高橋自動車,岐阜県羽島市福寿町平方8-32,058-398-1053
(株)栄サービスセンター,岐阜県羽島市竹鼻町狐穴1141,058-392-1785
大日石油(株) ポートレート羽島ＳＳ,岐阜県羽島市竹鼻町飯柄８６８,058-391-2151
(株)中部自動車工業,岐阜県羽島市竹鼻町駒塚911-1,058-393-0151
丸和自動車工業(株),岐阜県羽島市足近町4-111,058-392-5656
(株)ユタカオート,岐阜県羽島郡笠松町桜町107,058-388-2161
(有)カーボイス,岐阜県郡上市八幡町初納1397-1,0575-62-2081
(有)カーハウスシミズ,岐阜県郡上市白鳥町中津屋806-1,0575-82-5285
(有)長屋自動車,岐阜県関市下有知3706番地の1,0575-22-4405
賢佑サービス,岐阜県関市下有知5285-11,0575-23-5751
三和オート販売(株),岐阜県関市武芸川町八幡1155,0575-46-2227
(株)アイミヤ自動車,岐阜県関市武芸川町八幡391,0575-46-2100
オートハウス ２０１０,岐阜県関市武芸川町八幡644番地,0575-46-2010
(有)後藤モータース,岐阜県関市洞戸菅谷１８４－１,0581-58-2221
カーハウスナイトウ,岐阜県関市西本郷通6-6-41,0575-24-2838
(株)小川サービス,岐阜県関市西欠ノ下68-3,0575-24-1181
(株)川村モータース,岐阜県関市西田原645,0575-22-0911
(株)青木自動車,岐阜県飛騨市古川町栄2丁目6-8,0577-73-2811
Ｔｏｔａｌ Ｇａｒａｇｅ Ｓ,岐阜県養老郡養老町石畑812-1,0584-32-4716
(株)中井自動車,岐阜県高山市一之宮町3443番地,0577-53-2590
(有)黒地モータース,岐阜県高山市上岡本町2-288,0577-33-0262
(有)アドバンス,岐阜県高山市上岡本町3丁目354番地,0577-37-0788
新興自動車(株),岐阜県高山市上岡本町7-452-1,0577-32-0175
(有)スカイライン自動車,岐阜県高山市丹生川町町方1415-4,0577-78-1078
中垣内自動車(有),岐阜県高山市久々野町引下５２６番地,0577-52-2626
日産プリンス飛騨販売(株),岐阜県高山市岡本町3-220-2,0577-32-6101
飛騨コルト(株),岐阜県高山市桐生町6-93,0577-32-1790
(有)藤本商会,岐阜県高山市清見町三日町339番地,0577-68-2231
青木自動車(有) 高山店,岐阜県高山市石浦町5丁目97,0577-34-7238
飛騨中古車センター(株),岐阜県高山市石浦町7丁目277,0577-32-3171
(有)協和オート,岐阜県高山市花岡町3丁目125番地の1,0577-34-6467
白川自動車(有) カースペシャル ロイス,岐阜県高山市花里町2丁目80-1,0577-37-6233
(有)赤保木自動車,岐阜県高山市赤保木町1113-2,0577-34-7936
ダイワオート WEST WING,静岡県三島市三好町12-268,055-975-3620
三島オート販売(株) 八反畑店,静岡県三島市八反畑101-2,055-972-5531
(株)大和通商,静岡県三島市南町269-2,055-975-3619
(株)大澤 ００３０ＧＡＲＡＧＥ,静岡県三島市幸原町1-9-23,055-986-1810
三島オート販売(株) 本店,静岡県三島市青木141-1,055-971-7743
(有)佐藤オート 佐藤オート三島センター,静岡県三島市青木159-1,055-972-4580
(株)ＭＫサービス,静岡県伊東市吉田568-2,0557-44-0269
(有)瀬川企画,静岡県伊豆の国市寺家121-2,055-949-3729
(有)カーサポート,静岡県富士宮市小泉1809-18,0544-22-4024
(有)オートピア中島,静岡県富士市中島348-1,0545-61-3426
(有)カーフレンズ ケー,静岡県富士市伝法2519-1,0545-53-0238
三島オート販売(株) 富士店,静岡県富士市厚原100-1,0545-71-0503
東富士自動車興業(株),静岡県御殿場市竈1835-1,0550-89-8200
(有)セイエー自動車,静岡県沼津市下香貫藤井原1639-1,05-932-1389
ｓｔａｎｄ-ｕｐ,静岡県沼津市大岡５３２－３,055-955-8560
三島オート販売(株) 沼津店,静岡県沼津市花園町1-14,055-922-1238
(有)勝又技研,静岡県沼津市足高554-3,055-924-2030
(有)ユニオンオート,静岡県浜松市南区若林町3670,053-453-0575
(株)ＶＥＮＵＳ Ｉｎｔｅｒｎａｔｉｏｎａｌ,静岡県藤枝市青木２丁目７－６,054-646-8172
三島オート販売(株) 裾野店,静岡県裾野市伊豆島田684-2,055-993-1046
(有)一瀬モータース,静岡県賀茂郡松崎町道部60-2,0558-42-3100
ギアオート,静岡県賀茂郡河津町見高１２５９－１８７,0558-32-1679
(株)かあしょっぷエッチアンドケイ,静岡県静岡市清水区大内415-2,0543-46-4131
(株)柴田自動車工業,静岡県静岡市葵区古庄4-8-18,054-265-6033
(株)曽根自動車,静岡県静岡市葵区古庄4丁目14-3,054-261-0568
(有)オートショップハギワラ,静岡県静岡市葵区瀬名川3-1-10,054-262-5113
高田自動車販売(株),静岡県静岡市葵区田町1-68-3,054-255-5450
Ｇａｒａｇｅ Ｔｉｅ’ｓ,静岡県静岡市駿河区下川原2丁目34-8,054-258-0360
(株)福岡自動車,静岡県静岡市駿河区中野新田380-1,054-286-0165
静岡オート商会,静岡県静岡市駿河区丸子６－６－３６,054-259-1111
新生自動車販売(株),静岡県静岡市駿河区国吉田2-4-43,054-261-8024
(株)ＡＵＴＯ ＧＡＲＤＥＮ,静岡県静岡市駿河区池田210-2,054-264-7707
ＦＡＴＴＹ ＡＵＴＯ,静岡県静岡市駿河区鎌田８６－７,054-256-1561
オートガレージＴＡＫＡ,静岡県静岡県富士市松岡29-1,0545-67-8195
(株)矢神自動車,愛知県あま市七宝町伊福江向35-2,052-443-1100
(株)藤久 東名三好インター店,愛知県みよし市福谷町清水道２８,0561-65-5248
ニュー岩田(株),愛知県一宮市三ツ井2-28-1,0586-77-5151
(有)オートグランディ,愛知県一宮市三条字郷西25-1,0586-63-2118
(有)サカイオートブラザーズ,愛知県一宮市丹陽町多加木6-1,0586-71-3859
Ｃｏｌｏｒｓ,愛知県一宮市千秋町浮野字竹腰８－１,0586-58-0711
(株)葉栗オートショップ 一宮営業所,愛知県一宮市大和町苅安賀字川原17,0586-46-0030
(株)葉栗オートショップ カーサロンオリーブ,愛知県一宮市大和町苅安賀字西下田4,0586-47-7748
(株)葉栗オートショップ 木曽川本社営業所,愛知県一宮市木曽川町外割田字伊勢田116,0586-87-5070
(株)葉栗オートショップ 西成営業所,愛知県一宮市西大海通字郷前66,0586-81-0006
(有)パワーズインターナショナル,愛知県刈谷市井ケ谷町中前田60-1,0566-26-1212
(株)野村自動車,愛知県刈谷市重原本町5-58,0566-21-2007
(有)エイエイエス,愛知県名古屋市中川区三ツ屋町1-59,052-354-0700
(株)ワイズ Ｙ’ｓ Ｇａｒａｇｅ,愛知県名古屋市中川区中島新町1-1103,052-627-7496
(株)タカハタ,愛知県名古屋市中川区中島新町3丁目2410番地,052-352-7700
(有)カーライフ名古屋,愛知県名古屋市中川区中島新町4丁目2707番地,052-384-0223
(有)オオス,愛知県名古屋市中川区太平通1丁目23番地,052-361-6898
(有)モンツァ,愛知県名古屋市中川区宮脇町１丁目９２番地,052-365-3333
(株)ＦＩＮＥ,愛知県名古屋市中川区富田町大字千音寺字十六割3702-2,052-364-8911
(株)山勝 本社営業所,愛知県名古屋市中川区富田町大字千音寺字東福正4845,052-433-0010
（株）ガレージグロス,愛知県名古屋市中川区東起町3丁目61番地の1,052-384-8010
(株)ゼンショウ カーマックス ゼンショウ,愛知県名古屋市中川区法蔵町2-26-1,052-659-3530
(有)太平マイカー,愛知県名古屋市中川区長良町3丁目182番地,052-362-8105
ノムラ自動車(株),愛知県名古屋市中村区並木1-329,052-412-6331
(有)土屋モータース,愛知県名古屋市中村区宿跡町1-48-6,052-411-0390
中部自動車販売(株),愛知県名古屋市中村区畑江通8丁目49番地,052-482-2244
(株)バンズ,愛知県名古屋市北区苗田町136番地,052-903-7255
渡辺オート商会,愛知県名古屋市千種区吹上2丁目4番8号,052-733-6006
オートスニーカー,愛知県名古屋市南区呼続4丁目14番19号,052-811-3320
(有)Ｃ．Ｏ．Ｓ東海,愛知県名古屋市名東区梅森坂1丁目206番地,052-709-7725
(有)鈴正自動車販売,愛知県名古屋市天白区焼山2丁目1203番地,052-806-8555
カネマツ自動車(株),愛知県名古屋市昭和区福江1丁目1番26号,052-881-1188
(有)カーオフィスフロンティア,愛知県名古屋市港区小碓4-55,052-384-0027
(有)内川自動車商会,愛知県名古屋市港区当知3-502,052-383-0556
フジヒロ,愛知県名古屋市港区本宮町１丁目１８番地の４,052-653-4266
(有)フリーワールド,愛知県名古屋市港区西福田1丁目2015番地,052-303-3311
(株)ワーコーポレーション,愛知県名古屋市西区児玉3丁目38-2,052-523-3003
(有)カーライフサービスヤマダ,愛知県名古屋市西区木前町23,052-502-8733
(株)スギモト スギモトオートモーティブ,愛知県名古屋市西区長先町４４,052-982-8811
(株)兵藤モータース 安城本店,愛知県安城市和泉町長筬13-1,0566-92-0270
加藤自動車(株),愛知県安城市榎前町北山59-2,0566-92-4310
(株)スリーピース アクション１安城店,愛知県安城市高棚町井池203番地,0566-73-4646
(株)Ｂ’ｓ 本社,愛知県小牧市小木西1-115,0568-71-3383
愛知ヴィエクル,愛知県小牧市常普請1-108,0568-70-8686
(株)兼松自動車,愛知県小牧市常普請3丁目142番地,0568-72-7351
(株)ウェイクアップ,愛知県尾張旭市渋川町3丁目3番地11,0561-52-6006
(株)伏見,愛知県弥富市稲荷3丁目50番地,0567-68-1769
マスダフリーコーポレーション,愛知県愛知郡東郷町大字春木字音貝43-98,052-802-2665
(株)加藤企画,愛知県日進市蟹甲町池下63-3,0561-74-3323
(株)ナイスマイカーセンター,愛知県春日井市宗法町字知光院４６番地の１０,0568-33-3300
ヨシダ自動車(株),愛知県東海市名和町二丁目36番地,052-601-0055
恭尚オート,愛知県津島市神守町字一丁田123,0567-23-2291
(株)山全自動車,愛知県海部郡飛島村梅之郷字中梅39番1,0567-55-2204
(株)Ｋｉｎｇ Ｃｏｍｐａｎｙ,愛知県知多市岡田越地５５,0562-54-0004
(株)葉栗オートショップ 平和営業所,愛知県稲沢市平和町鷲尾287-2,0567-46-0022
ジュンオート(株),愛知県稲沢市稲島東4丁目21番地,0587-24-1815
(株)兵藤モータース 西尾店,愛知県西尾市上町南荒子4番地12,0563-53-5577
(有)イー・アイ・ティ エイト自動車,愛知県豊川市牛久保町城下６６－７,0533-86-8217
(有)オートボディーナイトー,愛知県豊川市牧野町1丁目84番地,0533-84-6141
(有)よしとみ自動車,愛知県豊川市牧野町一丁目１９番地,0533-89-0513
(株)カーショップ中西,愛知県豊橋市前芝町字西堤70-1,0532-32-1251
(有)フジミオート,愛知県豊橋市南大清水町富士見601-4,0532-25-4355
協豊自動車(株),愛知県豊橋市舟原町208番地,0532-55-6708
(株)オートランド,愛知県豊橋市船町94番地,0532-54-6003
マルシン向陽自動車(株) 本店,愛知県豊橋市藤沢町118番地,0532-46-2195
(有)イチカワ,愛知県豊田市畝部西町昆布池40番地の1,0565-21-0961
(株)スリーピース アクション１豊田店,愛知県豊田市逢妻町２丁目３７番地３,0565-37-8989
(株)兵藤モータース 高浜店,愛知県高浜市神明町7-13-39,0566-53-7555
(株)スリーピース アクション１西三河店,愛知県高浜市神明町２丁目２番９,0566-93-5066
(有)小林モータース,三重県いなべ市大安町石榑東1853-4,05947-8-0313
(株)サンジキモータース,三重県いなべ市藤原町大字本郷806,0594-46-2061
(有)村田自動車販売 ポッキリ自販,三重県伊勢市上地町７８５－３,0596-29-1414
(有)ミナミ自動車販売,三重県伊勢市小俣町湯田690,0596-20-2020
門谷自動車,三重県伊勢市西豊浜町271-2,0596-38-1010
リズムモーターサービス,三重県伊勢市馬瀬町２５,0596-63-6300
(株)ワールド ゆめが丘カーセンター,三重県伊賀市下友生２６０９,0595-22-8181
(株)ワールド,三重県伊賀市西明寺６９４－１,0595-23-8446
(有)ワインドアップ,三重県名張市つつじが丘北3-2,0595-68-8118
とばや商会,三重県多気郡多気町土羽６３８－４,0598-39-3756
(株)トチハラカーセンター,三重県多気郡大台町大字栃原字田久保1085-2,0598-85-1100
(株)栃原整備マイカーセンター,三重県多気郡大台町栃原1053-2,0598-85-0511
(有)寺脇自動車 大台店,三重県多気郡大台町神瀬998-1,0598-83-2288
(有)中村モータース,三重県度会郡南伊勢町東宮500-1,05967-2-0125
(有)河村商会,三重県度会郡南伊勢町神津佐１１５８－８,0599-66-0377
度会自動車(有),三重県度会郡度会町大野木1879-1,0596-62-0178
林商会,三重県度会郡玉城町世古500-1,0596-58-6232
(株)永光自動車,三重県度会郡玉城町岩出509番地4,0596-58-1133
エムズスクエア,三重県度会郡玉城町玉川662-5,0596-58-0607
(有)オールオート,三重県志摩市阿児町甲賀3181-8,0599-45-5005
(有)平田自動車商会,三重県松阪市久米町334-1,0598-56-2207
(株)カワギタモータース,三重県松阪市大垣内町431-4,0598-59-0355
(株)Ｎｅｘｔ Ｔｒａｄｉｎｇ,三重県松阪市小舟江町83,0598-67-2583
(有)右谷オートセンター,三重県松阪市豊原町917番地の1,0598-28-3328
Ｃａｒ Ｓｈｏｐ Ａｍｕｚｚｙ,三重県津市一志町八太1686-3,059-293-1100
(株)臼井自動車,三重県津市久居小野辺町958,059-256-2232
中桐石油(株),三重県津市久居新町２１４５番地の４,059-255-3165
(株)村上商店,三重県津市大門3番10号,059-228-2029
(有)オートプラザ,三重県津市栗眞中山町345-1,0592-32-1235
稲垣サービス工場,三重県津市白塚町4881,059-232-3171
上島自動車,三重県津市白山町川口８２０３,059-262-5157
水谷自動車整備工場,三重県津市美杉町太郎生９９０－５,059-273-0516
(株)クレミヤ自動車,三重県津市雲出本郷町２０３８番地,059-234-5715
(有)近畿自動車販売,三重県津市雲出本郷町２５０－１,059-234-9599
(株)三重サービスショップ,三重県鈴鹿市安塚町1350-208,059-382-7222
生喜モータ(有),三重県鳥羽市岩倉町１－５,0599-26-2332
(株)カントリー自動車 本店,滋賀県大津市唐崎1丁目23-7,077-579-8888
(有)オートコレクションエイティーン,滋賀県大津市神領2丁目38-1,077-543-3538
(株)リバティ 大津店,滋賀県大津市秋葉台6-5,077-510-0510
(有)三共自動車,滋賀県大津市衣川1-12-8,077-573-3930
(株)共進自動車,滋賀県彦根市出路町104-3,0749-43-2441
(有)アイアムイケダ,滋賀県彦根市犬方町１７７－１,0749-25-4670
(株)リバティ 彦根店,滋賀県彦根市西沼波町１６３－１,0749-49-2655
(株)オートセンタームラタ,滋賀県東近江市林田町1282,0748-23-2944
(株)リバティ 栗東店,滋賀県栗東市辻480-2,077-554-9333
(有)ジェイブレス,滋賀県草津市新浜町432-1,077-569-5565
(株)リバティ 本店,京都府久世郡久御山町森大内333,075-633-5115
(株)カーショップナカイ,京都府亀岡市大井町並河2-14-13,0771-23-8434
(株)村上自動車 ステーション,京都府亀岡市西別院町笑路堂ノ前４番地,0771-22-8881
(株)峰山マツダ,京都府京丹後市峰山町菅８６８番地の１,0772-62-2610
(株)フジサンオート,京都府京都市南区久世中久町６９９番地３,075-932-3624
大央自動車(株),京都府京都市南区久世大藪町234-9,075-874-1211
(株)リバティ R171店,京都府京都市南区久世東土川町１８５－１,075-925-3550
(株)平安オート,京都府京都市南区吉祥院仁木ノ森町22,075-661-0750
近畿オート(株),京都府京都市南区吉祥院向田西町8,075-312-0551
(株)ビクトリー自動車,京都府京都市南区吉祥院池田南町１１番地,075-661-3100
(有)グローズ,京都府京都市南区吉祥院石原京道町29-1,075-691-1211
(株)平安オート 本店（販売センター）,京都府京都市南区吉祥院這登西町４０番地,075-661-2572
(株)フジサンオート カドノセンター,京都府京都市右京区西院東貝川町88,075-321-0855
(株)ＺＥＮＳＨＯ,京都府京都市西京区大枝塚原町3-152,075-963-5267
(株)ガレージマックス,京都府京都市西京区牛ヶ瀬南ノ口町２３番地,075-382-3377
(有)アールエスケイ オートクロス,京都府八幡市下奈良中ノ坪９－１,075-972-1522
(株)カードックオクムラ そのべ店,京都府南丹市園部町内林町千原19-4,0771-86-8121
(株)カードックオクムラ 本社,京都府南丹市園部町南大谷外ノ鳥居27,0771-65-0300
(株)宇治マイカーランド,京都府宇治市小倉町久保116,0774-20-0013
(有)ランドオート,京都府宇治市槙島町吹前28-5,0774-21-8010
堀川オート工業(株),京都府宮津市波路2430,0772-22-5181
(株)リバティ 精華店,京都府相楽郡精華町光台１丁目５－２,0774-95-9501
(株)オートセンター福知山,京都府福知山市字堀2262-1,0773-23-1788
(有)ガッツコーポレーション エースオートアスター,大阪府八尾市泉町1丁目26番1号,072-999-9868
ＭＢオート,大阪府吹田市岸部北２－１－１５,06-6378-3233
カワイオートサービス(株),大阪府堺市北区百舌鳥梅町3-25-8,072-258-3229
(株)サカイ自動車販売,大阪府堺市南区泉田中101-2,072-295-8500
(有)ＡＵＴＯ ＬＯＵＮＧＥ,大阪府大阪市鶴見区浜4-19-27,06-6915-3456
ツルミオート,大阪府大阪市鶴見区茨田大宮2-2-4,06-6915-6234
(株)サカイ自動車販売 オニキス狭山店,大阪府大阪狭山市茱萸木7-1347-1,072-295-8500
ツジオート(株),大阪府守口市寺方本通1丁目6-10,06-6996-2119
(株)エスコーポレーション,大阪府寝屋川市高宮栄町25-40,072-820-1818
スズキ寝屋川販売(株),大阪府寝屋川市高柳2-19-6,072-828-2751
(有)オートサービスユーオート,大阪府岸和田市西大路町225-2,072-443-5556
(株)ナカモト,大阪府摂津市鳥飼本町3丁目16番74号,072-654-6888
八屋オート,大阪府東大阪市岸田堂北町1-14,06-6723-9509
(株)KUK,大阪府松原市丹南1-316-1,072-339-7000
(有)オートステーションＫＡＮＳＡＩ ユーポス松原店,大阪府松原市新堂４丁目３８番１,072-331-0010
(株)マエダ TAX中環松原,大阪府松原市柴垣2丁目975番地1,072-330-0400
(株)カーディーラーイケダ,大阪府松原市高見の里1-6-20,072-331-0436
(有)オートボックス豊能,大阪府池田市古江町78-1,0727-52-8229
東山自動車工業(株),大阪府池田市神田1-32-20,072-751-0105
ＴＯＰ ＡＵＴＯ,大阪府河内長野市上原町593-1,0721-52-0052
(株)マンデー 関空泉佐野店,大阪府泉佐野市南中岡本３１３－１,072-466-1111
(株)マンデー,大阪府泉大津市千原町1-60-1,0725-43-2355
(株)タック,大阪府羽曳野市西浦2-1957-4,0729-57-2211
(株)アユカワ,大阪府茨木市鮎川5-1-6,072-633-7500
(有)オオイケ,大阪府豊中市二葉町2-2-31,06-6332-8081
関西自販(株),大阪府門真市大池町15-24,072-884-3003
(株)ピィー・ティー・アイ,大阪府高槻市上田辺町16-21,072-682-0100
(有)北大阪中古車センター,大阪府高槻市土室町39-1,072-693-7971
(株)リバティ 高槻店,大阪府高槻市大塚町5-3-3,072-673-3322
(株)ＴＳ－ＭＯＴＩＶＥ,大阪府高槻市西面南3-23-16,072-647-6226
(株)ガレージクニ,大阪府高槻市道鵜町2丁目22-12,072-668-6954
森本自動車,兵庫県たつの市神岡町大住寺907,0791-65-0230
(有)エフクラブコーポレーション 三木店,兵庫県三木市岩宮187-3,079-486-0179
(株)多紀ホンダモーター,兵庫県丹波篠山市大沢176-1,079-594-1002
(有)Ａｕｔｏ Ｂｅａｒ,兵庫県加古郡稲美町野寺６２１,090-1482-5423
CAR PROJECT REGOLITH,兵庫県姫路市仁豊野27-1,079-265-3335
(株)新車・中古車のフジオカ,兵庫県姫路市北条梅原町264,079-281-5123
(有)夢進,兵庫県姫路市夢前町前之庄1165,079-336-0161
(株)寺谷自動車,兵庫県姫路市広畑区正門通1-3-3,079-239-7616
神姫商工(株),兵庫県姫路市御国野町国分寺字牛塚53,079-253-2491
(有)カーボ商会,兵庫県姫路市田寺6-11-30,079-295-6556
(有)クラージュ,兵庫県姫路市砥堀1135-18,079-280-1999
(有)ＮＩＮＥｉｎｔ.,兵庫県姫路市花田町一本松23-2,079-251-3300
(有)クラージュ,兵庫県姫路市香寺町溝口971-1,079-232-5448
Ｉ’ｚ ＡＵＴＯ,兵庫県尼崎市南武庫之荘3丁目15-22,06-7174-9217
(株)オートセンター福知山 オートバンク和田山店,兵庫県朝来市和田山町土田368-1,079-670-2888
(有)ティーシーエス淡路 ONIX淡路,兵庫県淡路市竹谷687-4,0799-62-5959
(有)ロイヤルモータース,兵庫県神戸市北区有野中町2-13-5,078-982-5321
(株)松尾モータース,兵庫県神戸市西区伊川谷町有瀬629-1,078-975-2525
(株)ジェイエイアクト ＪＡ ＣＡＲ マルシェ,兵庫県神戸市西区伊川谷町潤和１０５８番地,078-974-2857
Ｐｌｕｓ Ｏｎｅ,兵庫県神戸市西区平野町芝崎269番1,078-939-3880
(株)朝日オートセンター,兵庫県西宮市六湛寺町1-27　クライスラー西宮ビル3階,0798-26-1060
オート・エムズ,奈良県北葛城郡広陵町大字平尾869-1,0745-55-8088
(有)トウマモータース,奈良県大和高田市曽大根174番地,0745-52-9215
光山自動車(株),奈良県奈良市西木辻町196-1,0742-62-7644
松本自動車,奈良県宇陀市大字陀春日322番地の1,0745-83-0165
(株)ｙａｍａ ｃｏｒｐｏｒａｔｉｏｎ,奈良県桜井市戒重330-1,0744-42-1667
(有)ホウノ自販,奈良県桜井市戒重345-4,0744-43-7531
トータルカーショップグラフティー,奈良県桜井市粟殿７２２－１,0744-46-0088
(有)ＴＯＰオート,奈良県磯城郡田原本町薬王寺３１６－１,0744-34-0878
Ｋ－ＭＡＸ－Ａｕｔｏ,和歌山県和歌山市口須佐16-7,073-499-7320
(有)髙橋自動車商会,和歌山県和歌山市岩橋560-4,073-473-6262
ナンバーワン(株) 車検のコバック マリーナ入口店,和歌山県和歌山市布引639,073-446-0505
AUTO GARAGE SAKURAI,和歌山県和歌山市新庄98-1,073-460-1423
(株)山﨑自動車,和歌山県和歌山市狐島65-1,073-453-7200
(有)オート情報カケシタ,和歌山県和歌山市神前165-2,073-463-0056
ナンバーワン(株) 本社ショールーム,和歌山県和歌山市紀三井寺621-1,073-448-1101
タナカオート,和歌山県新宮市新宮5016-10,0735-23-1665
木村オート販売,和歌山県海南市小野田295-1,073-487-4511
(有)タイヤ館 海南,和歌山県海南市船尾249-13,073-483-1186
(株)ユーネット,鳥取県倉吉市清谷町1-56,0858-48-1615
(同)カーワーク,鳥取県倉吉市福庭町2-53,0858-27-5350
(有)森脇自動車,鳥取県境港市蓮池町67-1,0859-44-0665
(有)秀栄自動車,鳥取県東伯郡三朝町大字本泉667番地4,0858-43-3060
Ｋ．ｓｔｙｌｅ,鳥取県東伯郡琴浦町八橋351-1,0858-52-6111
(有)カジマ自動車,鳥取県米子市古豊千229-1,0859-27-3378
(株)アクセルオート,鳥取県米子市吉岡105-9,0859-27-2997
西部ホンダ販売(有),鳥取県米子市安倍513-6,0859-48-1500
(株)カーロード山陰,鳥取県米子市彦名町7168-1,0859-25-1761
(有)マルシン産業 スズキオートプランナー,鳥取県米子市長砂町805番地,0859-34-1626
(株)岸本ビークル,鳥取県西伯郡伯耆町大殿47-1,0859-68-2077
ユタカ自動車(株),鳥取県鳥取市千代水3丁目18,0857-31-1190
(有)エーラインジャパン,鳥取県鳥取市賀露町4039,0857-28-6011
(有)わこう自動車,島根県出雲市口宇賀町８１番地,0853-63-2785
フレスト,島根県出雲市大社町入南562-1,0853-53-8160
中部車輛山陰(有),島根県出雲市斐川町美南3,0853-72-6657
(有)フリーク,島根県出雲市斐川町荘原3858,0853-73-3678
浜村自動車(有),島根県出雲市東神西町125,0853-43-1190
(有)安原自動車,島根県出雲市浜町94-4,0853-23-1068
ニシオ(有),島根県出雲市灘分町1921-4,0853-63-3181
出雲リペヤー(株),島根県出雲市矢野町679,0853-21-5123
(有)吾郷ホンダ,島根県出雲市西平田町109,0853-62-2428
(有)田原自動車,島根県大田市大田町吉永１５９１?１,0854-82-0316
大賀モータース(有),島根県大田市温泉津町小浜イ491-3,0855-65-2250
カーライフはっとり。,島根県松江市東出雲町下意東４４１－２,0852-33-7733
オートプラス,島根県松江市東津田町１２１２－１７,0852-33-7583
(株)マツダオートザム松江,島根県松江市西尾町15-8,0852-39-0789
(有)エヌ・アール・シー,島根県松江市西尾町２４－５,0852-61-2277
カーショップ日豊,島根県雲南市三刀屋町三刀屋83-2,0854-45-2426
ホンダ雲南販売(有),島根県雲南市三刀屋町下熊谷1462-1,0854-45-2131
(有)川口オート掛合,島根県雲南市掛合町掛合2150-95,0854-62-0051
(有)赤来オートセンター,島根県飯石郡飯南町下赤名301-3,0854-76-3000
ヤマムラ(株) TAX井原,岡山県井原市笹賀町461-1,0866-62-0365
(株)ワンズカンパニー,岡山県倉敷市下庄592-1,086-462-5622
(有)大三宅自動車サービス工場,岡山県倉敷市白楽町246-6,086-421-1211
(有)大三宅自動車サービス工場,岡山県倉敷市白楽町99-4,0864-22-2690
(株)カーロード,岡山県倉敷市笹沖1103-1,086-426-1444
(株)トレジャーオート,岡山県倉敷市羽島２８７－１,086-421-8844
(有)加茂川タクシー ＥＸＣＡＲＳ （エクスカーズ）,岡山県加賀郡吉備中央町上加茂８４－１,0867-34-1020
(株)ゼロクリエイト,岡山県小田郡矢掛町矢掛８１－１,0866-63-4747
(株)車工房ＺＥＲＯ,岡山県岡山市中区下81-11,086-238-9010
(株)バンガード,岡山県岡山市中区神下１３５－１,086-238-3822
(株)ウォッシュ シティライト城東店,岡山県岡山市中区長利２３９－１,086-278-9888
(株)ウィルビー ウィルオートサービス,岡山県岡山市北区中撫川７２１－１,086-250-1205
(株)カーズクラブ,岡山県岡山市北区富原3712-1,086-255-3445
(株)カーバイセル,岡山県岡山市北区楢津533－3,086-284-9191
(株)ヴェルト,岡山県岡山市北区白石184-1,086-941-1122
(有)板野モータース,岡山県岡山市北区白石441-1,086-241-3469
(株)クルマヤ,岡山県岡山市北区白石東新町2-101,0862-52-9234
(株)カーセンターカワサキ,岡山県岡山市北区白石東新町２番地１０３,086-251-4554
(有)イモトモータース,岡山県岡山市北区西古松２丁目１５番５号,086-243-0820
ｍｍＡｍ,岡山県岡山市北区西辛川６４９－８,086-250-7753
(株)ヤマネモータース,岡山県岡山市北区青江4-22-30,086-233-1212
(有)オートジェラン,岡山県岡山市北区青江5-23-45,086-227-1818
(株)プライドワン,岡山県岡山市南区並木町2-11-18,086-250-7401
（株）ミッションズ,岡山県岡山市南区古新田30-3,086-209-0808
NYC(株),岡山県岡山市南区妹尾4130-2,086-281-5544
(株)ＡＪ安達太陽自動車,岡山県岡山市南区新保653-16,086-244-7555
(株)カーヴィレヂ,岡山県岡山市南区新保678-7,086-242-0770
(株)カゲヤマオート,岡山県岡山市南区曽根326-4,086-298-2120
(有)ワールドマイカーセンター,岡山県岡山市南区松浜町15-13,0862-63-6344
(有)ビーブライト,岡山県岡山市南区箕島1055-1,086-281-6355
井上屋,岡山県岡山市南区藤田1788－7,086-239-3244
(有)ＭＡＸ,岡山県岡山市南区西市117-6,086-805-8500
Ｇｒａｃｅ ｃａｒｓ,岡山県岡山市南区西紅陽台２－５８－４６９,086-239-2855
(株)パオワオ,岡山県岡山市南区西高崎62-49,08636-3-9555
(株)advance auto mobile,岡山県岡山市南区郡７０－３,086-267-2226
(株)カートップ 本社,岡山県岡山市南区青江6-3-8,086-222-3553
(株)宝和自動車,岡山県岡山市東区中尾390-1,086-278-0008
(有)ガレージ近藤,岡山県岡山市東区光津509-1,086-948-4373
(有)昭和車輌,岡山県岡山県苫田郡鏡野町布原２５３－４,0868-54-2500
笠岡スズキ販売(株),岡山県浅口郡里庄町新庄５８６８－１,0865-64-2922
スズキアルト笠岡販売(株),岡山県浅口郡里庄町浜中93-268,0865-64-5236
(株)イケイケオート,岡山県総社市真壁２１１５,0866-94-6111
ｔｓｒ-ｐｒｏｊｅｃｔ(株),岡山県都窪郡早島町早島３１５９－３,086-441-3223
(株)三輪モータース,広島県三次市南畑敷町461-1,0824-63-5161
三次スズキ自動車(株) オートトラスト,広島県三次市南畑敷町622-1,0824-64-5611
(株)リバオートカワサキ,広島県三次市四拾貫町91-2,0824-64-1121
三次スズキ自動車(株) スズキアリーナ三次,広島県三次市東酒屋町325-1,0824-64-8088
三次スズキ自動車(株),広島県三次市畠敷町325-1,0824-62-1345
(株)ピットイン鯉城 マツダオートザム呉東店,広島県呉市広白石2丁目13-5,0823-72-2288
(株)ひまわり マツダオートザム安芸府中,広島県安芸郡府中町大須3-8-48,082-284-0005
(株)向原モータース,広島県安芸高田市向原町坂26-1,0826-46-2107
(有)山口中古車センター,広島県安芸高田市向原町大字坂446,0826-46-4147
(有)生田モータース,広島県安芸高田市美土里町生田3209-1,0826-55-0241
(株)カープランニング広島,広島県尾道市高須町5575,0848-56-0885
(株)森田モータース,広島県広島市中区西十日市町1-3,082-291-2300
(株)ハーツ,広島県広島市佐伯区五日市町大字石内3992,082-926-2082
二村自動車(株) 東洋自動車石内バイパス店,広島県広島市佐伯区利松２丁目４－２０,082-927-2277
二村自動車(株) スズキアリーナ五日市,広島県広島市佐伯区千同2-1-9,082-923-7000
(株)サンボレ,広島県広島市佐伯区屋代3-24-7,082-943-5577
(株)ひまわり カージャンボ広島五日市店,広島県広島市佐伯区石内南1-4-1,082-928-6300
(株)ピットイン鯉城 カージャンボ五日市店,広島県広島市佐伯区石内南1丁目4-1,082-928-5511
(株)カーソゴー スズキ広島中央,広島県広島市南区西蟹屋4丁目8-7,082-263-8111
(株)シンモト自動車 マツダオートザム梅林,広島県広島市安佐南区八木2丁目19-19,082-873-5100
(有)カーフレンズトーア ヒューネット八木 本店,広島県広島市安佐南区八木5-10-28,082-873-6868
(株)古市モータース 八木ショールーム,広島県広島市安佐南区八木8-7-25,082-830-2350
世羅自動車(株),広島県広島市安佐南区八木8丁目6-16,082-873-2266
(株)セーブ自動車,広島県広島市安佐南区八木５丁目２６－１４,082-873-6615
(株)古市モータース,広島県広島市安佐南区古市2-23-26,082-877-0325
二村自動車(株) オートショップネオス西風新都店,広島県広島市安佐南区大塚西4-4-13,082-225-8300
二村自動車(株) マツダオートザム安古市,広島県広島市安佐南区大町東3-16-11,082-870-6565
(有)ＭＡシグナス,広島県広島市安佐南区山本３丁目８－２４,082-850-1177
二村自動車(株) ジープ広島,広島県広島市安佐南区緑井6-20-6,082-830-6400
(株)ひまわり スズキアリーナ緑井店,広島県広島市安佐南区緑井6-7-14,082-879-0111
澤田自動車(有),広島県広島市安佐南区西原5丁目1-7,082-875-3323
二村自動車(株) スズキアリーナ沼田,広島県広島市安佐南区長楽寺2-6-18,082-872-0001
(株)ピットイン鯉城 矢野店,広島県広島市安芸区矢野東1丁目2-9,082-888-4422
オートサロン広島(株),広島県広島市安芸区矢野東1丁目5-5,082-888-5151
(株)ルマンオート 矢野店,広島県広島市安芸区矢野東5丁目8-5,082-888-6061
(株)ひまわり スズキアリーナ中山,広島県広島市東区中山東3-1-9,082-280-1616
(有)ハリコ自動車,広島県広島市東区山根町1-23,082-289-1214
(株)オートパークゼンコー,広島県広島市東区曙3丁目1-32,082-264-5050
(株)ガレージ・ケイアンドケイ,広島県広島市西区南観音7-13-26,082-296-1870
(株)広島自動車検査場 速太郎オートパーク,広島県広島市西区大宮1丁目1番1号,082-238-3900
(株)広島自動車検査場 速太郎,広島県広島市西区大芝二丁目１９番１号,082-238-0100
(株)昭栄自動車センター,広島県広島市西区庚午中2丁目12-6,082-271-4051
(株)シンモト自動車 スズキアリーナ庚午,広島県広島市西区庚午北2丁目8-5,082-273-1000
(有)アイ・マックス,広島県広島市西区庚午南1-35-28,082-507-5255
(有)ガレージオスト,広島県広島市西区田方3-1446-1,082-507-6608
(株)ピットイン鯉城 商工センター店,広島県広島市西区草津南3丁目7-15,082-501-5655
(株)みづほ マイカーランドみづほ,広島県庄原市新庄町382-1,0824-72-4521
(株)友和,広島県廿日市市友田411-1,0829-74-1115
(株)ベストカーヤマナカ スズキアリーナ廿日市大野店,広島県廿日市市大野1丁目3-17,0829-55-0088
(株)マサルコーポレーション,広島県廿日市市大野中央1-8-11,0829-50-5155
(株)ベストカーヤマナカ,広島県廿日市市宮内382,0829-39-5100
(株)宮内スズキ,広島県廿日市市平良1丁目5-46,0829-30-6511
(株)オキタ自動車,広島県東広島市西条大坪町1-9,082-423-3333
東洋自販(株) 西条店,広島県東広島市西条町寺家3971-1,082-431-5505
(株)ひまわり マツダオートザム東広島 ユーカーランド,広島県東広島市西条町御薗宇5200-1,082-422-6800
(株)ルマンオート 東広島店,広島県東広島市鏡山3-6-14,0824-20-8051
(株)フリーセンス スズキ販売高屋,広島県東広島市高屋町宮領936-1,082-439-1555
(株)能美第一モータース,広島県江田島市能美町高田4080,0823-45-2522
(株)能美第一モータース スズキプラザ江田島,広島県江田島市能美町鹿川1991-1,0823-45-2535
(株)くるま生活,広島県福山市明神町2-9-25,084-943-7123
(有)西日本オート,山口県下松市大字山田61-5,0833-46-0980
(株)ヤマトカーセンター,山口県下松市清瀬町3-17-20,0833-43-5870
(有)オートセンターブラザー,山口県宇部市大字恩田町5丁目2-3,0836-31-7437
(有)ファミリーオート山口,山口県山口市小郡下郷3404-8,083-973-0017
(株)ニューオート萩,山口県萩市大字山田字東沖田4282-6,08382-2-2058
防府自動車販売(有),山口県防府市大字田島432-1,0835-23-3337
オートショップくにむら,山口県防府市桑南2丁目5-70,0835-23-9255
Ｆａｔｅ,徳島県吉野川市山川町川田1352,0883-42-4583
(株)オートショッププライム,徳島県小松島市田野町字月ノ輪127-1,08853-2-2511
ＮＡＮＢＵＤＥＮＳＯ,徳島県徳島市八多町田中12-1,088-645-2055
(株)ハルカーステーション,徳島県徳島市南昭和町１丁目６番１,088-677-9520
福地石油(株) GARAGE MAX,徳島県徳島市沖浜1-34,088-657-7223
ベースラインカスタムズ,徳島県徳島市西新浜町１丁目５－３８,088-679-7906
(株)グローリートラスト,徳島県板野郡上板町西分馬道南37-3,088-694-7110
(有)イソムラ自動車工業,徳島県板野郡北島町太郎八須字鍋川30-20,088-698-8660
３９ＦＡＣＴＯＲＹ,徳島県板野郡松茂町中喜来字前原西四番越4-1,088-678-5771
(株)ナンバーワンオート,徳島県板野郡松茂町広島字北川向壱ﾉ越26-3,088-683-4688
(有)ケーズコレクション 整備工場,徳島県板野郡松茂町笹木野字八北開拓50-3,088-699-9113
(有)ケーズコレクション,徳島県板野郡松茂町笹木野字八北開拓75-4,088-699-9117
123MOTORING,徳島県板野郡藍住町奥野字乾151-5,088-692-3969
Ａｆｔｅｒ Ｇａｒｄｅｎ,徳島県板野郡藍住町富吉字須崎３３－１,088-624-9225
(有)トップワン,徳島県板野郡藍住町徳命字前須東88-4,088-693-3036
(株)Ｌ Ｍａgｉｃ,徳島県板野郡藍住町笠木字中野81-1,088-612-7871
(有)サワダ,徳島県美馬市脇町850,0883-52-1894
(有)ナルディ,徳島県阿南市見能林町勘高原１８番地１,0884-23-0800
(有)オートアンドパル ファミリー店,徳島県阿波市阿波町中坪268-1,0883-35-6665
(有)永田自動車,香川県三豊市山本町辻３４２６,0875-63-3495
(株)パンサーオート,香川県三豊市豊中町笠田笠岡2288-1,0875-62-5111
(有)大西商会,香川県三豊市高瀬町下麻1484-8,0875-74-6283
(株)TWO TOP,香川県三豊市高瀬町新名２１４６－７,0875-56-2220
カーライフコンサルタント(株),香川県丸亀市三条町1085,0877-28-5922
(有)Ｎ・Ｃ カーベル丸亀,香川県丸亀市中津町77番地1,0877-58-2838
ピットイン香川,香川県丸亀市今津町２６８－１,0877-21-8888
(有)平田モータース,香川県丸亀市綾歌町岡田下490-1,0877-86-3056
(有)アーネスト,香川県仲多度郡まんのう町東高篠251-2,0877-75-4217
(株)ハマダ自販,香川県仲多度郡琴平町五条1054-38,0877-73-3777
(有)三陽自動車,香川県善通寺市上吉田町6-3-5,0877-62-1215
(有)カー工房,香川県善通寺市中村町1771番地1,0877-63-2881
カーショップＣａｒｓ,香川県善通寺市金蔵寺町１１９３－１,0877-43-2820
(有)坂出自動車,香川県坂出市中央町６－２,0877-45-8485
(有)エイチアイオート,香川県坂出市久米町1丁目14-68,0877-45-5888
(株)ナカスカ自販,香川県坂出市加茂町596-2,0877-48-3337
(有)アキヤマ自販,香川県坂出市川津町3526番地,0877-45-5131
(有)日本中販,香川県坂出市西庄町714,0877-45-2031
(株)星城モータース,香川県小豆郡小豆島町安田甲144-144,0879-82-1189
(株)石井自動車 カーメッセ ｉＳＨｉｉ,香川県木田郡三木町井戸２７８４－１,087-898-5051
(有)オートマックス 本店,香川県東かがわ市落合122番地1,0879-24-3361
(有)田中自動車,香川県綾歌郡宇多津町浜三番丁22-2,0877-49-0518
(有)セカンドステージ,香川県観音寺市柞田町丙2057,0875-24-3595
(有)向陽自販 IMPORT店,香川県高松市三名町385,087-888-3333
(有)向陽自販 本社,香川県高松市三名町385番地,087-888-3333
(株)丸久自動車,香川県高松市下田井町519,087-847-6003
(株)岡モータース,香川県高松市勅使町630,087-865-5588
(有)ガレージオスト 高松店,香川県高松市国分寺町新居1567-6,087-870-6272
(有)ミヤワキ,香川県高松市国分寺町新居378-1,087-874-4081
オートモールジャパン(株),香川県高松市太田上町1-3,087-888-8800
(有)キングウッドハウス,香川県高松市御厩町５０４－１,087-885-4617
玉井オート,香川県高松市飯田町757-1,087-882-7661
(有)佐達自動車商会,香川県高松市香川町大野569-3,087-815-8575
(有)向陽自販 トラックスジャパン店,香川県高松市鬼無町鬼無1044-1,087-875-0333
オートガーデン今治,愛媛県今治市大新田町2丁目4-12,0898-31-2597
村上自動車(株),愛媛県今治市矢田甲662-3,0898-22-3678
(有)宮内サービスセンター,愛媛県八幡浜市保内町宮内1-658-2,0894-36-0505
(有)八幡浜ダイハツモータース,愛媛県八幡浜市八代1丁目1-37,0894-24-1334
オートショップセシル,愛媛県四国中央市上分町北新町362-1,0896-57-0655
(株)パンサーオート 土居インター店,愛媛県四国中央市豊岡町長田1702-1,0896-25-3338
(有)直野モータース,愛媛県新居浜市松原町３－５０,0897-41-6848
(株)中川自動車商会,愛媛県松山市今在家1丁目8番23号,089-956-2088
アイシン自動車(株),愛媛県松山市余戸南4丁目2-16,089-973-1313
松田自動車商会,愛媛県松山市保免西3丁目9-33,089-973-7270
(有)カーショップ タナカ,愛媛県松山市北土居町289-1,089-958-2201
(株)和泉モータース 松山事業所,愛媛県松山市南吉田町2798番地59,089-972-3269
(株)村上モータース,愛媛県松山市安城寺町91-5,089-922-1110
(有)宮内自動車販売,愛媛県松山市森松町690-4,089-957-6051
(株)カーランドえひめ,愛媛県松山市生石町651,089-941-3356
(有)アクセス愛媛,愛媛県松山市西垣生町440-1,089-972-9234
(有)野口モータース,高知県香美市土佐山田町旭町1-3-27,0887-53-2515
(株)テクノオートジャパン,高知県高知市はりまや町3-20-13,088-882-4954
(株)カーパルコ長﨑屋,高知県高知市南久保2番12号,088-882-4121
(株)バイエルン・オート,高知県高知市大津乙1242-1,088-866-3206
四国自動車産業(株),高知県高知市鴨部高町2-20,088-844-1234
東栄自動車,福岡県うきは市浮羽町高見1668-3,0943-77-2319
タツミ自動車販売(有),福岡県京都郡苅田町磯浜町２丁目７－５,093-434-5125
オートショップサクセス,福岡県京都郡苅田町神田町1丁目21番地の5,093-434-3980
(株)ｍｅコーポレーション,福岡県北九州市八幡西区本城学研台2-20-10,093-693-2526
(有)シンワオート,福岡県北九州市小倉北区霧ケ丘3-7-9,093-952-2855
(有)明和オート ＪＭＴ,福岡県北九州市小倉南区中曽根新町1472-2,093-474-6630
(株)エルアンドエフ,福岡県北九州市小倉南区津田1-14-7,093-474-8887
(有)オートショップリーガル,福岡県北九州市小倉南区津田新町3丁目3-1,093-474-7788
(株)大地 轟の森 オートフォレスト 小倉本店,福岡県北九州市門司区大字吉志197番2号,093-481-6688
中九州オート販売(株),福岡県大牟田市船津町477-1,0944-54-3939
(株)徳永自動車,福岡県春日市下白水北7-90,092-572-5710
(有)オートステーション,福岡県福岡市城南区南片江2-151,092-864-7001
(有)アンド,福岡県福岡市城南区長尾1丁目8-13,092-865-8333
(有)カースペースゼロ,福岡県福岡市早良区原2丁目4番13号,092-833-2300
(株)ティースタイル フォルクスワーゲン専門店ケリー,福岡県福岡市早良区東入部2丁目10-9,092-707-6444
陶山自動車(有) 陶山自動車新宮店,福岡県糟屋郡新宮町原上1455,092-962-6331
(株)轟の森ドラゴン 轟の森鑑定団,福岡県行橋市東大橋2-10-42,0930-26-5288
(株)轟の森ドラゴン,福岡県行橋市東大橋2丁目10-26,0930-25-0093
(株)フカミヤ フカミヤオート,佐賀県三養基郡上峰町坊所２１８３－６,0952-37-8190
アーツ,佐賀県佐賀市嘉瀬町大字荻野189-1,0952-29-5544
(株)徳永自動車 オートパーク佐賀店,佐賀県佐賀市大和町大字尼寺3718-1,0952-20-0109
(有)吉冨商会,佐賀県唐津市平野町1615-3,0955-73-1271
(有)田中自動車工業所,佐賀県嬉野市塩田町馬場下甲2965-1,09546-6-2124
(有)坂口モータース,佐賀県杵島郡白石町横手318-8,0952-84-2610
なかよし自動車サービス,佐賀県武雄市橘町永島6147,0954-22-0553
東内オート,佐賀県神埼郡吉野ヶ里町吉田567,0952-53-3522
(有)コスモス,佐賀県鳥栖市東町1-1074ＡＳレジデンス,0942-83-0583
(株)エイコー商事 ＧＣ相浦,長崎県佐世保市中里町1873-1,0956-26-2345
(有)Ｓ・Ｋカーサポート,長崎県佐世保市広田町４丁目5-14,0956-27-5252
(株)エイコー商事 ＧＣ相浦 カービック店,長崎県佐世保市有福町1299-5,0956-58-5012
(株)アール・ボブ長崎,長崎県大村市中里町1327-1,0957-53-0111
(有)カーショップヒガシ,長崎県大村市久原2丁目1368-2,0957-52-9898
(有)ナウ企画,長崎県大村市今津町656-1,0957-53-7337
(有)竹内モータース たけまつ店,長崎県大村市宮小路１丁目２８３番地２,0957-47-6606
(有)竹内モータース 富の原店,長崎県大村市富の原１丁目１４９６番地,0957-46-3318
(有)カーショップヒガシ 岩松店,長崎県大村市岩松町947-7,0957-56-8777
(株)ＭＧ,長崎県大村市溝陸町809-2,0957-49-6012
(有)竹内モータース,長崎県大村市荒瀬町473番地1,0957-55-3330
(有)光山商会,長崎県大村市西大村本町215-8,0957-52-4639
ベスト ワン マツオ,長崎県東彼杵郡川棚町新谷郷132-1,0956-82-6661
(有)トクマル,長崎県東彼杵郡川棚町白石郷2-28,0956-82-5255
(株)タゾエ,長崎県東彼杵郡川棚町百津郷411,0956-82-2275
(株)長崎車輌センター,長崎県西彼杵郡時津町日並郷2213-6,095-882-0831
(株)長崎車輌センター ＴＡX ＤＯＭＥ店,長崎県西彼杵郡時津町日並郷3642,095-886-8788
(株)ロードスター,長崎県西彼杵郡時津町野田郷1028-1,095-882-8151
(有)沖田自動車,長崎県長崎市京泊3丁目13-4,0958-50-2634
(有)大潮産業 カーパレス愛車道,長崎県長崎市松原町2645-1,095-837-1131
(有)ラスティ熊本,熊本県上益城郡嘉島町鯰1831-1,096-237-3100
(有)マイカーランド熊本,熊本県熊本市小山4-3-23,096-380-6126
(有)自動車倶楽部 懐古,熊本県熊本市東区西原1-10-17,096-385-2716
(有)ファミリーオート小田,熊本県熊本市東区長嶺南八丁目15番38号,096-380-0006
(有)ＳＡＮＴＯＭＯ,熊本県熊本市植木町滴水52-1,096-275-5330
オートトレーディングクルー,熊本県熊本市画図町重富1007-1,096-334-9100
サンコーオート,熊本県熊本市石原1-1-132,096-380-9305
飯星カーケアセンター,熊本県熊本市良町5-22-8,096-378-8947
(有)トミタマイカー,熊本県菊池郡菊陽町花立3-8-1,096-338-5306
(株)オートリファインショウジ,熊本県阿蘇郡南阿蘇村河陰4496-2,0967-67-1338
(有)オート中野 石垣西店,大分県別府市石垣西4丁目1-3,0977-26-1200
(有)宮崎マイカーセンター 本店,大分県大分市大字宮崎883番地,097-568-5211
カーショップ３０,宮崎県宮崎市大字新名爪１１９３－３,0985-39-8093
ワイ・ケイ車輌販売(株),宮崎県宮崎市大字浮田3017-1,0985-48-2000
小倉自動車販売(株),宮崎県宮崎市大橋3丁目14番地,0985-29-5100
(有)くろきや 本店,宮崎県東臼杵郡門川町中須2‐5‐8,0982-63-3034
エポックカーセンター,宮崎県西都市大字岡富826-1,0983-43-2077
(株)神薗自動車,鹿児島県いちき串木野市東塩田町２４番地,0996-33-1150
(有)小松自動車,鹿児島県出水市五万石町133,0996-62-0793
(有)広島オート,鹿児島県出水市六月田町932,0996-67-1144
(有)田口商会,鹿児島県出水市昭和町13-6,0996-62-0173
(有)森谷自動車工場,鹿児島県出水市昭和町44-15,0996-62-0428
(有)奄美マイカーセンター,鹿児島県奄美市名瀬浦上1288-133,0997-53-1155
(株)南九州自販,鹿児島県姶良市加治木町反土1443-3,0995-63-0755
(有)蔵王自動車,鹿児島県姶良市加治木町反土1443-7,0995-62-0554
(株)南九州自販 Ｒ10号店,鹿児島県姶良市加治木町錦江町147番地,0995-62-0785
(株)マエカド,鹿児島県姶良市西餅田558-1,0995-66-5088
(株)新園自動車 本社,鹿児島県姶良郡湧水町北方2024,0995-74-3629
吉松自動車(有),鹿児島県姶良郡湧水町川西1534-2,0995-75-2055
(株)新園自動車 栗野インター店,鹿児島県姶良郡湧水町米永465-1,0995-74-2863
(有)平川自動車,鹿児島県曽於市末吉町諏訪方7324,0986-76-1649
(有)ダイエー自動車商会,鹿児島県薩摩川内市上川内町4246,0996-23-3245
(有)サンオート,鹿児島県霧島市国分野口西6-8,0995-47-1496
(有)白坂自動車,鹿児島県霧島市牧園町宿窪田922-4,0995-76-1308
(有)芝自動車整備工場,鹿児島県霧島市隼人町内1323,0995-42-0143
(有)芝自動車整備工場 ロータス隼人店,鹿児島県霧島市隼人町内1503-1,0995-43-8010
(有)徳光自動車商会,鹿児島県霧島市隼人町内山田4-23-5,0995-42-1110
テクニカルワークスＨＤＳ,鹿児島県霧島市隼人町姫城2413-3,0995-73-3864
(株)カーライフ鹿児島,鹿児島県鹿児島市与次郎1-9,099-250-1200
(株)キタゾノ JU鹿児島カーパーク,鹿児島県鹿児島市与次郎2-5-37,099-261-8881
(株)カーズビー ＪＵカーパーク店,鹿児島県鹿児島市与次郎2-5-37,099-214-0007
(株)新園自動車 ＪＵ鹿児島カーパーク店,鹿児島県鹿児島市与次郎2丁目5-37,099-285-3335
(株)セレクト ＪＵカーパーク店,鹿児島県鹿児島市与次郎2丁目5-37,099-258-6019
(株)カーシティー鹿児島 ＪＵカーパーク店,鹿児島県鹿児島市与次郎２丁目５－３７,099-296-8100
(株)ＹＲＣ ＪＵカーパーク店,鹿児島県鹿児島市与次郎２丁目５－３７,099-258-6627
(株)チャレンジ  チャレンジオート 与次郎店,鹿児島県鹿児島市与次郎２丁目５－３７　ＭＢＣグラウンド内,099-296-9341
(有)前田辰男商会,鹿児島県鹿児島市中山町2159-3,099-268-8315
(有)フレンドモーター,鹿児島県鹿児島市伊敷8-20-15,099-228-5939
カーメイト鹿児島,鹿児島県鹿児島市和田1-31-30,099-263-3456
(株)福元輪業,鹿児島県鹿児島市城南町6番29-2号,099-226-0873
(株)チャレンジ,鹿児島県鹿児島市宇宿2-13-30,099-257-7033
(株)カーシティー鹿児島,鹿児島県鹿児島市山田町1991-12,099-275-7700
(株)ＹＲＣ,鹿児島県鹿児島市山田町６８５番地,099-296-8811
(有)福重モーターランド 車展示場,鹿児島県鹿児島市川上町2046-1,099-243-3907
(株)リライトガレージ 東開店,鹿児島県鹿児島市東開町13-43,099-203-0277
(株)新園自動車 オートピア２１店,鹿児島県鹿児島市東開町5-17,099-263-5557
(株)カーズビー,鹿児島県鹿児島市東開町5-17,099-230-0202
(株)セレクト,鹿児島県鹿児島市東開町5番7,099-210-5083
(株)カーシティー鹿児島 コアラクラブ鹿児島紫原店,鹿児島県鹿児島市紫原4丁目32-11,099-297-6400
(株)キタゾノ,鹿児島県鹿児島市谷山港2-4-21,099-261-8881
(株)中窪自動車,鹿児島県鹿屋市吾平町上名235-2,0994-58-6500
(有)ナカダ自動車商会 うるま店,沖縄県うるま市兼箇段1339-1,098-979-8170
(有)マルキ自動車 田場店,沖縄県うるま市栄野比784-12,098-972-7375
オートガレージフラップ,沖縄県中頭郡北中城村熱田２０６０－６,098-982-0235
オートカルチェ,沖縄県中頭郡北中城村瑞慶覧641,098-933-3556
(株)ＫＡＺ－ＰＲＯｊＥＣＴ ＫＲＥｉＳ クライス,沖縄県中頭郡北谷町北谷2丁目6番地2,098-921-7123
(有)ナカダ自動車商会,沖縄県中頭郡嘉手納町字兼久370-1,098-956-4602
ケンプス・カデナ,沖縄県中頭郡嘉手納町水釜150,098-957-0804
(有)アズマックス,沖縄県中頭郡西原町上原2-29-8,098-882-8350
オートスピードあい アップル琉大前店,沖縄県中頭郡西原町上原2-7-7,098-882-8485
オートスピードあい 本店工場,沖縄県中頭郡西原町内間４１２－３,098-882-8146
スピードオート,沖縄県中頭郡西原町字上原1-10-27,098-946-0821
(有)幸洋自動車販売,沖縄県中頭郡西原町字上原2-16-6,098-945-0260
(有)昭南自動車商会,沖縄県中頭郡西原町字上原2-19-5,098-944-3020
(有)西平自動車商会,沖縄県中頭郡西原町字上原2-7-6,098-882-9644
カーステーション プラスＯＮＥ,沖縄県中頭郡西原町字上原2-9-14,098-944-6019
(有)サン・オキナワ自販,沖縄県中頭郡西原町字上原93番地,098-946-0700
古堅モータース 古堅店,沖縄県中頭郡読谷村字古堅850-1,098-957-4649
(有)琉朝自動車商会 本店,沖縄県中頭郡読谷村字楚辺1509-2,098-957-6555
(有)ケイエム自動車,沖縄県宜野湾市上原1-4-5,098-893-3108
(有)ナカダ自動車商会 大謝名店,沖縄県宜野湾市大謝名5丁目17-8,098-988-3740
カーショップＨｉｒｏ,沖縄県宜野湾市神山1-3-2,098-892-5378
(有)ケーワン,沖縄県宜野湾市赤道1-5-10,098-892-8805
(有)タワタ自動車とよみステージ,沖縄県宜野湾市長田1-10-1,098-892-3302
(株)ミカタ ミカタモータース,沖縄県宮古島市平良字下里２１３９,0980-79-0200
(株)ラッキー自動車商会,沖縄県島尻郡八重瀬町字外間169-1,098-998-8600
(株)ラッキー自動車商会 本店 中古車部,沖縄県島尻郡八重瀬町字外間169-1 本社内,098-998-7788
(株)ラッキー自動車商会 ラッキーカーステーション那覇,沖縄県島尻郡南風原町字津嘉山１７４１,098-889-0403
(株)又吉自動車商会,沖縄県沖縄市与儀1-28-3,098-933-6868
オートショップクリア,沖縄県沖縄市与儀１丁目１０－２,098-930-2110
(有)上原自動車,沖縄県沖縄市字松本7-1-8,098-937-2125
カーショップＪＵＳＴ,沖縄県沖縄市松本5-19-5,098-960-6573
ヒロオートセールス,沖縄県沖縄市比屋根7-31-5,098-932-0788
カーコネクションＸ,沖縄県沖縄市知花5-38-20,098-939-2992
(有)琉朝自動車商会 コザ店,沖縄県沖縄市知花２丁目１０－７,098-989-9735
(株)ラッキー自動車商会 首里店,沖縄県那覇市首里島掘町2-22,098-871-4394
